"","sq1","sq2","sq4","sq6","sq7","sq8","sq9","sq10","sq11","sq12","sq13","sq14","sq15","sq17","sq19","sq20","sq21","sq22","sq23","sq27","sq28","sq29","sq30","sq31","sq32","sq33","sq34","sq36","sq37","sq39","sq40","sq42","sq43","sq44","sq45","sq46","sq47","sq48","sq49","sq50","sq51","sq52","sq53","sq55","sq56","sq58","sq62","sq63","sq65","sq67","sq68","sq69","sq70","sq71","sq72","sq73","sq74","sq76","sq78","sq79","sq82","sq83","sq84","sq86","sq87","sq89","sq91","sq92","sq93","sq95","sq96","sq98","sq99","sq100","sq101","sq102","sq104","sq106","sq108","sq110","sq113","sq114","sq115","sq116","sq118","sq119","sq120","sq123","sq124","sq125","sq127","sq128","sq129","sq133","sq134","sq135","sq136","sq137","sq138","sq139","sq140","sq141","sq146","sq147","sq148","sq149","sq150","sq151","sq152","sq154","sq156","sq157","sq158","sq161","sq163","sq164","sq165","sq166","sq167","sq168","sq169","sq170","sq172","sq173","sq174","sq176","sq177","sq178","sq179","sq180","sq181","sq182","sq183","sq184","sq185","sq186","sq187","sq188","sq190","sq192","sq196","sq197","sq198","sq199","sq201","sq203","sq206","sq207","sq208","sq215","sq216","sq218","sq219","sq220","sq221","sq223","sq225","sq226","sq227","sq229","sq230","sq234","sq235","sq236","sq237","sq238","sq240","sq242","sq244","sq245","sq247","sq248","sq249","sq250","sq252","sq253","sq257","sq259","sq261","sq262","sq263","sq264","sq265","sq266","sq268","sq269","sq271","sq272","sq273","sq275","sq279","sq280","sq282","sq283","sq284","sq285","sq288","sq289","sq291","sq292","sq293","sq296","sq297","sq300","sq301","sq302","sq303","sq304","sq306","sq307","sq308","sq312","sq313","sq315","sq316","sq318","sq319","sq321","sq322","sq323","sq324","sq325","sq327"
"A1",4686,6219,32,0,69,35,0,68,15,5,0,132,28,0,0,0,6,33,26,0,0,0,55,31,0,0,0,0,0,0,0,0,0,0,0,0,0,0,0,0,0,2,0,0,9,0,0,55,0,0,0,0,0,0,0,0,0,0,294,0,0,0,17,0,0,0,0,0,0,0,0,0,0,0,0,0,0,0,0,26,0,0,0,0,0,0,0,0,0,0,0,0,0,0,0,0,0,0,0,0,0,31,0,0,0,0,0,0,0,0,0,0,0,0,0,0,0,0,0,0,0,0,0,0,0,0,0,0,0,0,0,0,0,0,0,0,0,0,0,0,0,0,0,0,0,0,0,0,0,0,0,0,0,0,0,0,0,0,0,0,0,0,0,0,0,0,19,0,0,0,0,0,0,0,0,0,0,0,0,0,0,0,0,0,0,0,0,0,0,0,0,0,7,0,0,0,0,0,0,0,0,0,0,0,0,0,0,0,0,0,0,0,0,0,0,0,0,0,0,0,0,0,0
"A10",10228,628,387,145,424,89,110,94,51,36,66,132,0,89,27,0,61,87,324,0,0,0,582,0,0,75,0,0,0,26,363,49,0,0,0,0,0,0,0,165,31,39,0,0,0,0,0,78,0,76,0,0,0,75,0,0,0,0,0,0,0,0,0,94,0,0,0,0,0,0,0,0,0,0,35,33,68,23,0,0,376,0,0,0,0,0,0,0,0,97,0,0,0,0,63,0,169,0,0,0,0,0,24,0,0,0,0,0,0,0,0,58,0,0,0,0,4,0,0,0,0,0,28,0,0,0,0,0,0,0,0,0,0,0,0,0,0,0,0,0,0,0,0,0,0,27,0,0,0,0,0,0,0,0,0,0,0,0,0,33,0,0,0,0,45,0,0,0,0,0,37,0,0,0,0,0,0,0,0,0,0,0,0,0,0,0,0,0,0,0,0,0,0,93,0,0,0,0,0,0,0,0,0,0,0,0,0,0,0,0,0,0,0,0,0,0,0,0,0,0,0,0,0
"A11",2597,28057,25,22,116,352,60,146,0,108,546,64,195,0,254,0,164,51,0,0,0,0,195,0,0,40,75,0,58,0,0,0,0,0,32,0,0,0,0,79,135,0,246,47,68,0,0,18,197,0,206,0,0,0,63,0,0,0,0,0,0,0,0,0,79,0,0,0,3,0,25,0,0,0,0,0,0,40,0,23,0,0,0,0,0,0,0,0,26,0,0,14,0,0,0,0,0,0,0,0,0,18,41,0,0,15,0,0,0,0,10,0,0,0,0,0,7,0,0,0,0,10,0,0,0,0,0,0,14,0,0,0,0,0,0,0,0,0,0,0,3,0,0,0,0,0,0,0,0,0,0,0,0,0,0,0,0,0,0,0,0,0,0,0,0,0,6,0,0,0,0,0,0,0,0,0,0,0,0,0,0,0,0,0,0,0,0,0,0,0,0,0,0,0,0,0,0,0,0,0,0,0,0,0,0,14,107,0,0,7,6,0,0,0,0,0,0,0,0,0,0,0,0
"A12",2581,10762,63,13,153,99,0,56,23,10,837,128,0,0,412,29,29,52,23,13,0,37,62,0,0,15,276,0,6,0,67,0,0,3,0,0,33,0,0,0,258,0,1459,15,6,0,0,22,92,77,83,0,108,0,57,0,0,10,0,41,0,44,10,83,15,0,19,0,49,0,0,0,0,13,29,0,0,43,0,0,0,0,0,19,0,0,8,0,0,12,0,0,0,0,0,0,21,0,0,0,0,0,0,0,0,0,0,22,9,13,11,0,0,0,0,0,0,30,0,0,0,0,0,0,0,0,0,0,8,0,0,0,0,0,0,0,0,0,0,0,8,0,0,0,0,0,0,0,0,0,0,0,0,0,0,0,6,0,0,0,0,37,0,0,0,0,0,0,0,0,0,0,0,0,18,0,0,0,0,16,0,0,0,0,0,0,0,0,0,0,60,0,0,0,0,0,0,0,0,0,0,0,0,0,0,14,0,0,0,15,0,0,0,20,0,0,0,0,0,17,0,0,0
"A2",6299,10318,65,0,34,80,2171,77,0,193,0,0,115,0,0,0,243,0,55,121,0,0,144,128,0,0,0,0,0,76,0,0,0,0,0,0,47,0,0,0,0,0,0,0,0,0,0,0,0,0,0,0,0,0,0,0,0,46,0,0,0,0,0,136,0,0,0,0,0,0,0,0,0,0,0,0,0,0,45,0,0,0,0,0,0,0,0,0,0,0,0,0,0,0,0,0,0,0,0,0,0,0,0,0,0,0,0,0,0,0,0,0,0,0,0,0,32,0,0,0,0,0,0,0,0,0,0,0,0,0,0,0,0,0,0,0,0,0,0,0,0,0,0,0,0,0,0,0,0,169,0,0,0,0,0,47,0,0,0,0,0,0,0,0,0,0,27,0,19,0,0,0,0,35,0,0,0,0,0,0,0,0,0,0,0,0,0,0,0,0,0,0,0,0,0,0,0,0,0,72,0,0,0,0,0,0,0,0,0,0,0,0,0,0,0,0,0,0,0,0,0,0,0
"A3",3376,6191,0,0,153,28,354,48,11,449,0,58,0,0,0,0,161,0,90,21,0,9,0,0,0,45,0,0,99,0,35,0,0,0,0,0,79,0,57,0,0,0,0,0,0,0,0,0,0,0,0,0,0,0,0,0,0,54,0,0,0,0,30,0,0,0,0,0,0,0,0,0,0,0,0,0,0,0,10,0,0,0,0,0,0,0,0,0,0,0,0,0,0,0,0,0,0,0,0,0,0,8,0,0,0,0,0,0,26,0,0,0,0,0,0,0,0,0,0,0,0,0,0,0,0,0,0,41,0,0,9,0,0,0,0,0,0,0,0,0,0,0,0,0,26,35,0,0,0,0,0,0,0,0,0,0,0,0,0,0,0,0,0,0,0,0,0,0,0,0,0,0,0,0,0,0,0,0,0,0,0,0,0,0,0,0,0,0,0,0,0,0,0,0,0,0,0,0,0,0,0,0,0,0,0,0,0,0,0,0,0,0,0,0,0,0,0,0,0,0,0,0,0
"A5",3496,51,0,0,127,0,0,124,45,377,121,113,0,0,268,0,96,102,18,0,0,0,36,0,345,10,22,0,11,0,143,0,0,0,7,0,0,0,0,31,26,0,0,0,6,0,0,0,0,0,0,141,0,0,0,0,0,7,0,91,0,0,0,0,0,0,0,0,0,0,0,0,0,0,0,0,0,0,38,0,0,0,0,0,8,0,0,0,0,0,0,0,0,0,0,0,0,0,0,0,0,0,0,0,0,0,0,0,0,0,0,13,0,0,0,0,0,0,0,0,20,0,0,0,0,0,0,0,0,0,0,0,0,0,0,0,0,0,0,0,0,0,0,0,0,0,0,0,0,0,0,0,0,0,0,0,0,0,0,0,0,0,0,0,0,0,0,0,0,0,0,0,0,0,0,0,0,0,0,0,0,0,0,0,0,0,0,0,0,0,20,0,0,0,0,0,0,0,0,0,0,0,0,88,0,0,0,0,0,24,0,0,0,0,0,0,0,0,0,0,0,0,0
"A6",6869,644,6,0,293,66,1134,68,0,0,0,152,87,0,0,20,0,0,53,0,0,0,0,0,0,15,0,0,0,0,0,0,0,0,0,0,0,0,0,0,0,0,0,0,0,0,0,0,0,0,0,0,0,0,0,0,0,0,0,0,0,0,0,0,0,0,0,0,0,0,0,0,0,0,0,0,0,0,0,20,0,0,0,0,23,0,0,0,0,0,0,0,0,0,0,0,0,0,0,0,0,0,35,0,0,0,0,0,0,0,0,44,0,0,0,0,0,0,0,0,40,0,0,0,0,0,0,0,36,29,26,0,0,0,0,0,0,0,0,0,0,0,0,0,0,0,0,0,0,30,0,0,0,0,0,0,0,0,0,0,0,0,0,0,0,0,0,0,0,0,0,0,0,0,0,0,0,0,0,0,0,0,0,0,0,0,0,0,0,23,0,0,0,0,0,0,0,0,0,0,0,0,0,0,0,0,0,0,0,0,0,0,0,0,0,0,0,0,0,0,0,0,0
"A7",1538,2585,9,0,0,154,0,127,106,0,0,0,59,0,0,65,27,53,28,0,0,0,0,88,0,0,0,0,0,0,0,142,0,0,28,0,80,0,0,0,0,0,0,0,0,0,0,6,0,24,0,0,0,0,0,0,96,0,0,0,0,0,5,0,59,0,0,0,0,0,0,0,0,0,0,0,0,0,0,0,0,0,0,0,0,0,0,0,0,0,0,0,0,0,18,0,0,34,4,0,0,0,0,0,0,0,0,0,0,0,0,0,0,0,0,0,0,0,0,0,38,11,0,0,0,0,0,11,11,0,0,0,0,0,0,0,0,0,0,0,0,0,0,0,0,0,36,0,0,0,0,0,0,3,0,0,0,0,0,0,0,0,0,0,0,0,0,0,0,0,0,0,0,0,0,0,0,0,0,0,0,0,0,0,0,0,0,0,0,0,0,0,0,0,0,0,0,0,0,0,0,0,0,0,0,0,0,0,0,0,0,0,4,0,0,0,0,0,0,0,0,0,0
"A8",6134,22,6,0,239,62,0,517,0,0,0,171,0,0,0,0,41,314,18,0,0,0,60,0,0,3,0,0,0,0,178,0,0,0,21,0,0,0,0,0,0,0,0,0,0,0,0,0,0,0,0,0,0,0,0,0,0,0,0,0,0,0,0,0,0,0,0,0,0,0,0,0,0,0,0,0,28,0,0,0,0,0,0,0,0,0,0,0,33,0,0,0,0,0,0,0,21,0,0,0,0,0,25,0,0,0,0,0,0,0,0,0,0,0,0,0,0,0,0,0,0,0,0,0,0,0,0,31,0,0,5,0,0,0,0,0,0,0,0,0,0,0,0,0,0,0,0,0,0,0,0,0,0,0,0,0,0,0,0,0,0,0,0,0,0,0,0,0,0,0,0,0,0,0,0,0,0,0,0,0,0,0,0,0,0,0,0,0,0,0,0,103,0,0,0,0,0,0,0,0,0,19,0,0,0,0,0,0,0,0,0,0,0,0,0,0,0,0,0,0,0,0,0
"A9",2084,700,41368,0,63,0,98,14,174,0,0,64,48,0,0,100,0,5,14,0,0,0,0,0,0,0,0,0,0,0,0,0,2569,2505,0,0,11,467,24,50,0,0,0,0,0,0,0,49,0,727,0,0,0,0,0,0,0,8,18,0,0,0,0,0,0,0,0,0,0,0,0,0,0,81,0,0,0,0,0,0,0,0,0,0,0,17,253,0,0,0,0,0,0,0,0,0,0,9,0,0,0,0,0,226,0,0,0,0,0,0,33,0,0,0,0,0,0,0,8,0,10,0,0,0,0,0,0,6,0,0,10,0,0,0,0,0,0,0,0,0,0,0,0,0,0,0,0,0,0,0,0,0,0,0,0,0,0,0,0,0,0,0,0,0,0,0,0,0,0,0,0,0,0,0,0,0,0,12,0,0,0,0,0,8,0,0,0,13,0,0,0,0,76,0,0,0,0,0,0,0,8,0,0,0,0,0,0,63,0,0,0,0,0,0,0,0,0,0,0,0,0,0,0
"B1",3973,114,85,0,40,1953,55,60,0,0,0,0,705,0,0,0,59,26,108,78,0,0,9,700,0,0,0,20,0,0,0,0,0,0,23,0,0,0,0,0,0,0,0,34,26,31,0,0,0,0,0,0,0,0,0,0,0,0,0,0,0,0,0,0,0,0,0,0,0,0,0,0,0,19,0,112,13,0,0,0,0,0,0,0,0,0,0,0,0,6,0,11,0,16,0,0,0,0,0,0,0,0,0,0,0,0,0,63,0,0,0,0,0,0,0,0,0,0,0,0,0,0,0,0,0,0,0,0,0,0,17,0,0,0,0,0,0,0,0,0,0,0,0,0,0,0,0,0,0,0,0,0,0,31,0,0,19,0,0,0,0,0,0,0,0,0,0,0,0,0,0,0,0,0,0,0,0,0,0,0,0,0,0,0,0,0,0,0,0,0,0,0,8,0,0,0,0,0,0,0,0,0,0,0,0,0,0,0,0,0,0,0,0,0,0,0,0,0,0,0,0,0,0
"B10",8550,61,31,0,512,84,0,354,0,109,702,143,29,0,678,0,160,39,61,0,0,0,81,0,0,0,367,0,0,21,0,0,0,0,0,0,0,0,0,0,241,0,0,0,0,0,0,22,0,0,85,0,225,0,243,0,0,47,31,116,183,0,0,0,0,0,0,42,74,41,287,0,0,0,0,0,0,83,0,0,0,10,0,115,0,0,0,0,0,0,0,0,0,0,0,0,36,0,0,0,0,63,0,0,0,0,0,0,0,0,0,0,0,46,42,0,0,33,0,0,0,0,0,0,3,0,0,0,0,0,0,126,0,0,0,0,0,0,0,0,53,0,0,0,0,0,0,0,0,0,0,57,0,0,0,0,0,0,0,0,0,0,0,0,0,0,0,0,0,57,0,0,0,0,0,0,0,0,0,0,0,0,0,0,0,0,0,17,0,102,0,0,0,0,0,0,0,0,0,0,0,0,0,0,0,0,0,15,0,0,0,0,0,0,0,0,0,0,0,43,0,0,0
"B11",7304,18461,0,58,541,163,0,413,94,138,1504,124,103,0,407,65,103,163,26,0,0,0,231,0,0,0,146,0,124,33,0,0,0,0,12,0,56,0,0,0,122,0,128,0,13,0,0,29,164,0,220,0,74,0,178,0,0,0,0,100,46,109,0,0,455,0,0,72,140,70,0,0,0,0,0,0,0,42,0,0,0,0,0,31,0,0,0,0,0,0,0,0,0,0,0,0,0,0,0,0,0,0,0,0,0,0,0,0,0,0,0,0,0,0,0,0,0,17,0,0,0,0,0,0,0,0,38,0,38,0,0,0,0,0,0,0,0,0,0,127,0,0,0,0,0,0,0,0,0,0,0,26,0,0,0,0,9,0,0,0,0,0,0,0,0,0,26,0,0,0,0,0,0,0,0,60,0,0,0,0,0,0,0,0,0,0,0,0,0,0,0,0,0,0,0,0,0,0,0,0,0,0,0,0,0,0,35,0,0,0,0,0,0,0,79,0,0,14,0,0,0,50,49
"B12",2192,23924,113,25,130,0,113,44,23,0,72,119,7,0,29,10,0,13,13,0,0,0,0,0,0,0,18,0,0,0,0,0,0,0,0,0,0,0,0,0,10,0,0,25,0,0,0,49,155,0,31,0,0,0,22,0,0,0,0,0,0,0,0,0,0,0,0,0,0,0,0,0,0,0,0,0,0,0,0,0,0,0,0,0,0,0,0,0,0,0,0,0,0,0,0,0,0,0,0,0,0,3,0,0,0,0,0,0,0,0,0,0,0,0,0,0,0,11,0,0,0,0,0,0,0,0,0,0,0,0,0,0,0,0,0,0,0,0,0,0,0,0,0,0,0,0,0,0,0,0,0,0,0,0,0,27,0,0,0,0,0,0,0,0,0,0,0,0,0,16,0,0,0,0,0,0,0,0,0,0,0,0,0,0,0,0,0,0,0,0,0,0,0,0,0,0,0,0,0,0,0,0,0,0,0,0,0,0,0,0,0,0,0,0,0,0,0,0,0,0,0,0,0
"B2",7431,695,0,0,104,101,97,200,0,153,0,0,344,0,0,0,265,99,60,1337,0,0,83,101,0,0,0,0,0,0,0,0,0,0,0,0,0,0,0,0,0,0,0,190,0,417,0,0,0,0,0,78,0,0,0,186,0,27,0,0,0,16,40,0,0,0,277,0,0,0,0,0,5,0,24,0,0,0,0,0,0,0,0,0,0,0,0,0,0,0,0,0,241,136,0,0,0,0,116,0,0,0,47,0,0,0,0,138,74,37,105,0,0,39,0,0,50,0,60,0,0,57,0,0,378,0,0,0,0,0,0,0,0,0,200,0,0,23,0,0,0,0,0,0,15,0,0,98,0,0,90,0,0,0,0,0,0,96,30,0,0,0,0,0,0,0,0,0,0,0,0,0,0,0,0,21,0,0,0,0,0,0,0,0,0,0,33,0,0,10,0,0,0,0,0,0,0,0,0,0,15,0,39,0,21,0,0,0,0,0,0,0,0,0,0,0,0,18,0,0,67,0,0
"B3",2954,6800,0,0,229,329,217,29,0,131,0,0,108,0,0,0,61,0,55,0,0,300,44,0,0,8,0,0,619,0,0,0,0,0,8,0,39,0,531,0,0,0,0,0,24,0,0,0,0,0,0,0,0,0,0,0,0,16,0,0,0,84,0,0,18,0,0,0,0,93,0,0,0,0,0,0,0,0,10,0,0,0,74,0,0,0,0,0,0,0,11,0,0,0,0,0,0,0,0,0,225,0,0,0,0,0,0,0,0,0,0,0,0,0,0,0,0,0,4,0,17,11,0,0,0,0,0,40,23,0,21,0,0,0,0,0,0,0,0,0,0,0,0,0,0,0,0,0,0,0,0,0,0,0,0,0,0,0,0,0,0,0,0,0,0,0,0,0,0,0,0,0,0,0,0,0,0,0,0,7,0,0,0,0,0,0,0,0,0,0,0,0,0,0,0,0,0,0,0,0,0,0,0,0,23,0,0,0,0,0,0,0,0,0,0,0,0,0,0,0,0,0,0
"B4",7214,3335,10,0,299,0,0,29,0,326,0,151,167,0,0,60,46,118,139,0,0,53,17,0,0,0,0,0,0,0,0,0,0,0,106,0,0,0,0,0,0,0,0,0,36,0,0,0,0,0,0,0,0,0,0,0,0,0,0,0,0,57,0,0,0,0,0,0,0,0,0,0,0,0,56,0,0,0,44,0,0,0,0,0,0,0,0,0,0,0,0,0,0,0,0,0,0,0,0,0,0,0,0,0,0,0,0,0,0,0,0,0,0,0,0,0,0,0,19,0,0,0,0,0,0,0,61,27,0,0,0,0,0,0,0,0,0,0,0,0,0,0,0,0,0,0,0,0,0,0,0,0,0,0,0,0,0,0,0,0,0,0,0,0,0,0,0,0,0,0,0,0,0,0,0,0,0,0,0,0,0,0,0,0,0,0,0,33,0,0,0,0,0,0,0,0,0,0,0,0,0,0,0,0,0,0,0,0,0,0,0,0,0,0,0,0,0,0,0,42,0,0,0
"B5",1721,50,0,0,103,0,0,144,132,72,10,41,0,0,0,102,0,32,24,0,0,0,10,0,0,0,0,0,13,0,34,0,0,0,26,0,0,0,0,0,0,0,0,0,0,0,0,11,0,14,0,0,0,0,0,0,0,11,0,0,0,0,0,0,0,0,0,0,0,0,0,0,0,0,0,0,0,0,0,0,0,0,0,0,0,0,0,0,0,0,0,0,0,0,0,0,0,0,6,0,0,0,0,0,0,0,0,0,0,0,23,0,0,0,0,0,0,0,0,0,12,0,0,0,0,0,0,0,0,0,0,0,0,0,0,0,0,0,0,0,0,0,0,0,0,5,0,0,0,0,0,0,0,0,0,0,4,0,0,0,4,0,0,0,0,0,0,0,0,0,0,0,0,0,0,0,0,0,0,0,0,0,0,0,0,0,0,0,0,0,0,0,0,0,0,0,0,0,0,0,0,0,0,0,0,0,0,0,0,0,0,0,0,0,0,0,0,0,0,0,0,0,0
"B6",3285,547,49,0,32,432,593,0,9,0,0,0,103,0,0,34,48,1221,43,0,0,0,18,310,0,0,0,0,0,90,0,0,0,0,5,0,0,0,0,0,0,0,0,30,0,0,0,0,0,0,0,0,0,0,0,0,0,0,0,0,0,0,14,0,0,0,0,0,0,0,0,0,0,0,42,46,24,0,0,0,0,0,0,0,0,0,0,0,0,0,0,0,0,0,0,0,0,0,0,0,0,0,0,0,0,0,0,0,0,0,0,0,0,0,0,0,10,0,0,0,0,0,0,0,0,0,0,0,0,0,0,0,0,0,0,0,0,0,0,0,0,0,0,0,0,0,0,0,0,8,0,0,0,0,0,0,0,0,8,0,0,0,0,0,0,0,0,0,0,0,0,0,0,0,0,0,0,0,0,0,0,0,0,0,0,0,0,0,0,0,0,0,0,0,0,0,53,0,0,0,0,0,0,0,0,0,0,0,0,0,0,0,0,0,0,0,0,0,0,0,0,0,0
"B7",6722,23,0,0,290,86,0,139,0,0,0,177,56,0,0,0,125,0,48,0,0,0,33,0,0,0,0,0,0,48,0,0,0,0,0,0,27,0,0,0,0,0,0,0,25,0,0,0,0,0,0,0,0,0,0,0,0,11,0,0,0,0,0,0,0,0,0,0,0,0,0,0,0,0,0,0,0,0,0,0,0,0,0,0,0,0,0,0,0,0,0,45,0,0,0,0,0,0,0,0,0,32,0,0,0,0,0,0,0,0,0,0,0,0,0,0,0,0,0,0,0,0,0,0,0,46,0,39,0,0,0,0,0,0,0,0,0,0,0,0,0,0,0,0,0,0,0,0,0,0,0,0,0,0,0,0,0,0,0,0,0,0,0,0,0,0,0,0,0,0,0,0,0,0,0,0,0,0,0,0,0,0,0,0,69,0,0,0,0,0,0,0,0,0,0,0,0,0,0,0,0,0,0,0,0,0,0,0,0,0,0,0,0,0,0,0,0,0,0,0,0,0,0
"B8",4404,10,64,0,187,94,76,74,29,0,0,215,108,0,0,0,0,47,70,0,0,69,0,0,0,0,0,0,0,21,0,0,0,0,0,0,0,0,0,0,0,0,0,0,0,0,0,0,0,0,0,0,0,0,0,0,0,27,0,0,0,0,0,0,0,0,0,0,0,0,0,0,0,0,0,0,0,0,0,0,0,0,0,0,0,0,0,0,0,0,0,0,0,0,0,0,23,0,0,0,0,0,0,0,0,0,0,0,0,0,0,0,0,0,0,0,0,0,0,0,15,20,0,0,0,0,0,0,0,0,0,0,0,0,0,0,0,0,0,0,0,0,0,0,0,0,0,0,0,0,0,0,0,0,0,13,0,0,0,0,0,0,0,0,0,0,0,0,0,0,0,0,0,0,0,0,0,0,0,0,0,0,0,0,0,0,0,0,0,0,0,0,0,0,0,0,0,0,0,0,0,0,0,0,0,0,0,0,0,0,0,0,0,0,0,0,0,0,0,0,0,0,0
"B9",5918,105,14,0,224,2846,0,692,0,0,0,222,300,0,75,87,62,62,61,0,0,99,27,0,0,24,0,0,0,1209,0,0,0,0,0,0,0,48,93,437,0,0,0,0,70,0,0,0,0,29,0,0,0,0,0,0,0,0,0,0,0,0,0,13,0,0,0,0,0,0,0,0,0,0,0,0,0,0,38,0,0,0,19,0,19,0,0,0,21,82,234,47,0,0,0,0,0,0,21,0,0,0,0,0,0,0,0,0,0,0,0,0,29,0,0,0,0,0,0,0,0,34,0,0,0,0,0,0,0,0,0,0,0,0,0,0,0,0,0,0,0,0,0,0,0,0,0,0,0,0,0,0,0,18,0,0,0,0,0,0,0,0,227,0,0,0,50,0,0,0,16,0,0,0,0,0,0,0,0,0,0,0,0,0,0,0,0,0,40,0,0,0,0,0,0,0,0,0,0,0,0,0,0,0,14,0,0,0,0,0,0,0,0,0,0,0,0,0,0,0,0,0,0
"C1",1368,153,22944,0,84,0,0,0,0,0,0,39,0,0,0,0,4,0,21,85,0,0,0,0,0,0,0,0,0,0,8,0,0,0,0,0,0,0,0,8,0,0,0,0,7,34,0,0,0,13,0,11,0,0,0,0,0,0,94,0,0,0,0,0,0,0,14,0,0,0,0,0,0,0,0,0,11,0,0,4,0,0,0,0,0,0,0,0,0,0,0,0,0,48,0,0,0,0,0,0,5,0,0,0,0,0,0,0,0,0,0,0,0,0,0,0,0,0,0,0,0,0,0,0,0,0,0,0,0,11,0,0,0,0,0,0,0,0,0,0,0,0,0,0,7,0,0,0,0,0,0,0,0,0,0,0,5,0,0,0,0,0,0,0,0,0,0,0,0,0,0,0,0,0,0,0,0,0,0,0,0,0,0,0,0,0,0,0,0,0,0,3,0,0,0,0,0,0,0,0,0,0,0,0,9,0,0,0,0,0,53,0,0,8,0,0,0,0,0,0,0,0,0
"C10",4987,481,10891,30,118,1527,95,42,167,0,34,0,381,0,0,23,0,81,31,0,0,0,36,517,0,0,0,0,0,0,0,0,0,0,0,0,0,194,25,0,0,0,0,0,0,0,0,0,0,16,0,0,0,0,0,0,0,0,0,0,0,0,0,0,0,0,0,0,0,0,0,0,0,0,11,167,0,0,0,0,0,0,0,0,0,0,0,0,0,0,0,0,0,0,0,0,0,0,0,0,0,0,19,0,0,0,0,0,0,0,0,0,0,23,0,0,0,0,0,0,5,0,0,0,0,0,0,0,0,0,0,11,0,0,0,0,0,0,0,0,0,0,0,0,0,0,0,0,0,0,0,0,0,0,0,0,0,0,0,0,0,0,11,0,0,0,0,0,0,0,0,0,0,0,0,0,0,0,0,0,0,0,0,0,0,0,0,0,0,0,0,0,0,0,0,0,0,0,0,0,0,0,0,0,0,0,0,0,0,0,0,0,0,0,0,0,0,14,0,0,0,0,0
"C11",5859,23018,13,78,436,84,456,151,18,83,137,228,0,0,24,0,41,0,47,0,0,0,194,0,0,16,14,0,44,0,0,0,0,0,21,0,0,0,0,0,40,0,0,17,0,0,0,0,391,0,0,0,0,0,45,0,0,0,0,32,0,11,60,0,150,33,0,104,0,0,0,0,0,0,0,0,0,0,0,0,0,0,0,0,0,0,0,0,0,0,0,0,0,0,0,0,34,0,0,0,0,0,0,0,0,0,21,0,0,0,0,0,0,0,0,0,0,0,0,22,0,0,0,0,0,0,0,0,0,0,0,0,0,0,0,0,0,0,0,0,37,0,0,0,0,0,21,0,0,0,0,0,0,0,0,0,0,0,0,0,0,0,0,0,0,0,0,0,0,0,0,0,0,0,0,0,0,0,0,0,0,0,39,0,0,0,0,0,0,0,0,0,0,0,0,0,0,0,0,0,0,0,0,0,0,0,0,0,0,0,0,0,0,0,0,0,0,0,10,0,0,0,0
"C2",4733,109,155,0,94,69,110,210,0,0,0,0,190,0,0,0,157,34,16,413,0,0,0,17,0,0,0,0,0,0,0,0,0,0,13,0,0,0,0,0,0,0,0,48,36,249,0,0,0,0,0,0,0,0,0,179,0,0,0,0,0,0,0,0,0,0,109,0,0,0,0,0,0,0,18,28,0,0,0,0,0,0,0,0,0,0,0,0,0,0,0,17,92,130,0,0,0,0,0,0,0,0,0,0,0,0,0,48,81,0,45,0,0,0,0,0,0,0,0,0,0,106,0,0,0,0,0,0,0,0,0,0,0,0,65,0,0,7,0,0,0,0,0,0,0,0,0,121,0,0,44,0,0,0,8,0,0,32,0,0,0,0,0,0,0,0,0,0,0,0,0,37,0,0,0,0,47,0,0,0,49,0,7,0,0,0,58,0,0,6,0,0,0,0,0,0,0,0,0,0,0,0,0,0,0,0,0,0,0,0,0,0,0,0,0,0,71,0,0,0,0,0,0
"C3",5312,227,28,0,284,0,0,0,37,241,0,132,26,0,0,0,26,0,47,0,0,537,36,0,0,45,0,0,30,0,0,0,0,0,0,0,208,0,32,0,0,0,0,16,0,0,21,0,0,0,0,0,0,0,0,0,0,0,0,0,0,113,0,0,0,0,0,0,0,0,0,0,0,0,0,0,19,0,0,0,0,0,0,0,0,0,0,0,0,0,0,0,0,0,0,0,0,0,0,0,0,0,0,0,0,0,0,0,0,0,0,0,0,0,0,0,0,0,0,0,0,20,0,0,0,0,0,0,0,0,0,0,0,0,0,0,0,0,0,0,0,0,0,0,0,0,0,0,0,0,0,0,0,0,0,46,0,38,0,0,0,0,0,0,0,0,0,0,0,0,0,0,0,0,0,0,0,0,0,0,0,0,0,0,0,0,0,0,0,0,0,0,0,0,0,0,0,0,18,0,0,0,0,0,0,0,0,0,0,0,48,0,0,0,0,0,0,0,0,0,0,0,0
"C4",6123,179,24,0,224,0,0,65,0,0,0,60,0,0,0,0,56,0,86,23,0,0,0,0,0,18,0,82,0,0,87,0,0,0,0,0,0,0,0,35,0,0,0,45,81,41,0,0,0,0,0,0,0,0,0,0,0,40,0,0,0,0,0,0,28,0,0,0,0,101,0,0,0,0,0,0,0,0,0,0,0,0,0,0,0,0,0,0,0,0,0,0,0,0,0,0,0,7,0,0,0,0,0,0,8,0,0,0,0,0,0,0,0,238,0,0,0,0,0,43,0,0,0,0,0,0,33,0,0,0,0,0,0,0,0,0,0,0,0,0,0,0,0,0,14,0,0,0,0,0,0,0,0,39,0,0,0,0,0,0,0,0,0,0,0,0,0,0,0,0,0,7,0,0,0,21,0,0,0,26,0,0,0,0,0,0,0,0,0,0,0,0,0,0,0,0,0,0,132,0,0,0,0,0,0,0,0,0,0,0,0,0,0,0,0,0,0,0,0,0,0,0,0
"C5",6795,50,7,0,458,166,32,657,114,702,155,289,0,0,87,0,147,45,132,20,0,0,164,0,1378,0,0,0,205,0,68,0,0,0,52,0,0,0,0,0,0,0,0,0,28,0,0,0,0,0,0,263,0,0,0,0,0,0,0,192,0,0,0,0,26,0,0,0,0,0,0,0,0,0,0,0,0,0,0,0,15,0,0,0,0,0,0,0,0,0,0,0,0,0,0,0,0,0,40,0,0,0,0,0,0,0,0,0,0,0,0,0,0,0,0,0,0,0,0,0,0,0,0,0,0,0,38,0,0,8,0,0,0,0,0,0,0,0,0,0,0,0,0,0,0,0,76,0,0,0,0,0,0,0,0,0,0,0,0,0,0,0,0,0,0,0,0,0,0,0,0,0,0,0,0,0,0,0,0,0,0,0,0,0,0,0,0,0,0,0,0,0,0,0,0,0,0,0,0,0,18,0,0,0,0,0,0,0,0,0,0,0,0,0,0,0,0,0,0,0,0,0,0
"C6",1758,15194,4,0,93,0,44,0,15,0,34,35,119,0,23,16,22,0,38,0,0,16,3,0,1916,0,0,0,35,0,0,0,0,0,0,0,0,0,0,29,0,0,0,0,56,0,5,0,99,0,0,54,0,0,0,0,0,42,0,22,0,0,0,0,0,0,0,0,0,0,0,0,0,0,0,0,0,0,0,0,0,0,0,0,0,0,0,0,0,0,0,0,0,0,0,0,0,0,0,0,0,0,0,0,0,0,0,0,0,0,17,0,0,0,0,15,0,0,0,0,11,0,0,0,0,0,0,0,14,0,11,0,0,0,0,0,0,0,0,0,0,28,0,0,0,0,0,0,0,0,0,0,0,0,0,0,20,0,0,0,0,0,0,0,99,0,5,0,0,0,0,0,0,0,0,0,0,0,0,0,0,0,0,0,0,0,0,0,0,0,0,0,0,0,0,23,0,0,0,0,0,0,0,0,0,0,0,0,0,0,0,0,0,0,0,0,0,0,0,0,0,0,0
"C7",6307,28,9,0,186,0,0,38,13,0,0,151,131,0,0,0,4,25,133,0,0,30,0,0,0,5,0,0,0,0,0,0,0,0,0,0,0,0,0,0,0,0,0,0,12,0,0,35,0,0,0,0,0,0,0,0,0,57,0,0,0,43,31,0,0,0,0,0,0,0,0,0,0,0,0,0,0,0,0,0,0,0,0,0,0,0,0,0,0,0,0,0,0,0,0,0,0,0,0,0,0,0,0,0,0,0,0,0,0,0,0,0,0,0,0,0,10,0,0,0,0,0,0,0,0,0,0,0,0,0,0,0,0,0,0,0,0,0,0,0,0,0,0,0,0,0,0,0,0,0,0,18,0,0,0,0,32,0,0,0,0,0,0,0,0,0,0,0,0,0,0,0,0,0,0,0,0,0,0,0,0,0,0,0,60,0,0,0,0,0,56,0,0,0,0,0,0,0,0,0,0,0,0,0,0,0,0,0,0,0,0,0,0,0,0,0,0,0,0,0,0,0,52
"C8",4335,1168,0,0,147,46,0,644,57,0,0,73,0,0,10,248,8,107,39,0,0,0,33,0,0,0,0,0,0,0,134,0,0,0,81,0,0,0,0,0,0,0,0,0,12,0,0,0,0,19,0,0,0,0,0,0,0,0,0,0,0,18,0,0,0,0,0,0,0,0,0,0,0,0,0,0,0,0,0,0,0,0,0,0,0,0,0,0,9,0,0,0,0,0,0,0,0,0,0,0,0,0,36,0,0,0,0,0,0,0,0,15,0,0,0,0,0,0,79,0,0,0,0,0,0,0,0,0,0,0,0,0,0,0,0,0,0,0,0,0,0,0,0,0,0,0,0,0,0,0,0,0,0,0,0,0,10,0,25,0,0,0,0,0,0,0,0,0,0,0,0,0,0,0,0,0,0,0,0,0,0,0,0,0,0,0,0,0,0,0,0,0,0,0,0,0,0,0,0,0,0,0,0,0,0,0,0,0,0,0,0,0,0,0,0,0,0,0,0,0,0,0,0
"C9",4821,19169,25,0,349,579,1039,62,44,44,0,85,210,0,0,111,28,24,72,0,0,42,0,0,0,0,0,0,0,156,0,0,0,0,0,40,0,0,0,0,0,0,0,0,10,0,0,0,0,61,0,0,0,53,0,0,0,0,0,0,0,0,0,0,0,0,0,0,0,65,0,0,0,0,0,0,0,0,0,0,0,0,0,0,0,0,0,0,0,0,0,0,0,0,0,0,0,0,0,0,0,0,0,0,0,0,0,0,0,0,0,0,13,0,0,0,0,0,7,0,44,0,0,0,0,0,0,0,0,0,0,0,0,0,0,0,0,15,0,0,0,0,0,0,0,0,0,0,0,12,0,17,0,0,0,0,0,0,0,0,0,0,0,0,0,0,0,0,0,0,0,0,0,0,0,0,0,0,0,0,0,0,0,0,0,0,0,0,0,0,0,0,0,0,0,0,0,0,0,0,0,0,29,0,0,0,0,0,0,0,0,0,0,0,0,0,0,0,0,0,0,0,0
"D1",6723,921,14,0,577,86,4,81,0,0,0,94,0,0,0,0,37,0,124,1505,0,0,56,0,0,3,0,0,0,0,18,0,0,0,0,0,0,0,118,0,0,0,0,17,0,356,26,55,0,0,0,92,0,0,0,495,0,0,6,0,0,0,41,0,0,0,215,0,0,0,0,19,0,0,0,0,0,0,10,28,0,0,0,0,0,0,0,0,0,0,0,0,154,0,0,0,0,0,0,0,44,0,0,0,0,0,0,44,163,43,36,24,0,0,0,0,0,0,0,0,0,53,0,0,0,0,0,0,0,11,0,0,0,0,27,0,0,18,0,0,0,0,0,0,55,0,0,38,0,0,38,0,0,0,0,0,0,0,0,0,0,42,0,0,0,0,0,0,0,0,0,0,0,0,0,0,0,0,0,20,0,0,0,0,0,0,36,0,0,24,0,0,31,0,0,0,0,0,0,0,0,0,0,0,0,0,0,21,0,0,0,0,0,0,0,0,61,0,0,0,80,0,0
"D10",6854,8500,89,0,803,0,0,108,59,0,0,201,0,0,0,0,76,0,242,0,7,0,39,0,0,0,31,0,0,14,0,0,0,0,0,0,0,33,0,60,0,0,0,0,0,0,0,43,73,0,0,0,0,0,0,0,0,0,64,0,52,0,0,8,0,0,0,0,0,0,0,0,0,10,0,0,0,0,0,33,0,0,0,0,0,0,0,0,0,0,0,0,0,0,0,0,0,0,0,0,0,0,18,0,0,0,0,0,0,0,0,10,0,0,43,0,0,10,0,0,0,0,0,0,0,0,0,0,56,0,0,0,0,0,0,0,0,0,0,0,0,0,0,0,0,0,0,0,0,0,0,0,0,0,0,0,0,0,0,0,0,0,0,0,0,0,0,0,0,0,0,0,0,0,0,0,0,0,0,0,0,0,0,0,0,0,0,0,0,0,0,0,0,0,0,0,0,0,0,0,0,0,0,0,0,0,0,0,0,0,0,0,0,0,0,0,0,0,0,0,0,0,0
"D11",5638,1721,0,46,130,97,96,199,0,0,289,198,247,0,0,0,70,87,111,0,0,0,0,0,0,21,0,0,0,0,0,0,0,0,78,0,0,0,0,128,67,0,0,120,25,0,0,24,0,0,10,0,0,0,21,0,0,0,0,0,0,59,0,0,7,0,0,0,0,0,0,0,0,0,0,0,0,0,0,0,0,0,0,30,0,0,0,0,0,110,0,54,0,0,0,0,0,0,75,0,0,0,0,0,0,53,0,0,0,0,0,0,0,0,0,0,0,0,0,0,0,0,0,0,0,0,0,15,0,45,0,0,0,0,0,0,0,0,21,0,0,0,0,54,0,0,0,0,0,0,0,0,0,0,0,0,0,0,0,0,0,0,0,0,0,0,0,0,0,17,0,0,0,0,0,0,0,0,0,26,0,0,0,0,0,0,0,52,0,0,0,0,0,0,0,0,0,0,0,52,67,0,0,0,0,0,0,0,0,0,22,0,0,0,0,0,0,0,0,0,0,0,0
"D12",5743,224,0,44,702,65,30,6,150,0,89,158,0,0,258,0,0,0,100,0,0,35,0,0,0,0,199,0,12,0,17,0,0,0,48,0,0,0,0,0,56,0,0,29,0,0,0,0,0,0,31,0,0,0,45,0,0,0,0,49,0,0,0,0,0,0,0,43,30,77,0,0,0,0,0,0,25,0,0,0,0,0,0,43,0,0,0,2,0,0,0,0,0,0,0,0,0,0,0,0,0,0,0,0,0,0,0,0,0,0,0,0,0,0,0,0,0,0,0,0,0,0,0,0,0,0,0,0,0,14,0,0,0,0,0,0,0,0,0,0,45,0,0,0,0,0,0,0,0,0,0,0,0,0,0,0,0,0,0,0,0,0,0,0,0,0,0,0,0,0,0,0,0,0,0,0,0,0,0,0,0,0,0,0,0,0,0,0,0,0,0,0,0,0,0,0,0,0,0,0,0,0,0,0,0,0,0,0,0,0,0,0,0,0,0,0,0,0,0,0,0,0,0
"D3",5375,143,72,0,390,63,1290,50,30,106,0,185,300,0,0,0,0,40,44,0,0,716,47,0,0,0,0,0,44,0,0,0,0,0,108,0,166,0,0,0,0,0,0,0,16,0,64,0,0,0,0,0,0,0,0,0,0,65,0,0,0,0,14,44,0,0,0,0,0,87,0,0,0,0,0,55,0,0,0,0,0,0,0,0,0,0,0,0,0,0,0,0,0,0,0,0,0,0,9,0,0,0,0,0,0,0,0,0,0,0,0,10,0,0,0,0,0,0,34,0,0,0,0,0,0,0,0,0,0,0,40,0,0,0,0,0,0,0,0,0,0,0,0,67,0,0,0,0,0,0,0,0,0,0,0,0,21,0,0,0,0,0,0,0,0,0,17,0,14,0,0,0,0,0,0,0,0,0,0,0,0,0,0,0,12,0,0,0,0,0,0,0,0,0,0,0,0,0,0,0,0,0,0,0,0,0,0,0,0,0,0,0,0,0,0,0,0,0,0,0,0,0,0
"D4",2792,2254,0,0,101,0,17,34,0,0,0,58,0,0,17,0,69,0,90,32,0,0,0,0,0,29,0,33,12,0,41,0,0,0,0,24,0,0,0,0,0,0,0,68,17,0,0,0,0,0,0,0,0,0,0,0,0,0,0,0,0,0,14,0,24,0,0,0,0,46,0,0,0,0,0,0,12,0,0,0,0,0,22,0,0,0,0,0,0,0,0,0,0,0,0,0,15,0,0,0,0,0,0,0,0,0,8,0,0,0,0,0,0,14,0,0,0,0,0,0,50,0,0,0,0,0,40,0,0,0,25,0,0,0,8,34,0,0,0,0,0,0,0,0,14,0,0,0,0,0,0,9,0,0,0,0,0,0,0,0,0,0,0,0,0,0,0,0,0,0,0,0,0,0,0,0,0,0,0,0,0,0,0,0,0,0,0,0,0,0,0,8,0,0,0,0,0,0,0,0,0,0,0,0,0,0,0,0,0,0,20,0,0,0,0,0,0,0,9,0,0,0,0
"D5",5274,3113,0,0,440,56,0,188,68,721,54,104,239,0,55,0,134,247,50,0,0,0,93,0,0,16,0,0,0,0,0,0,0,0,13,0,0,0,0,0,19,0,0,0,0,0,0,0,0,0,0,139,0,0,0,0,0,51,0,0,0,0,0,0,0,0,0,0,16,76,0,0,0,0,0,0,0,0,0,0,0,0,0,0,257,0,0,0,0,0,0,0,0,0,0,0,0,0,0,0,0,0,29,0,0,0,0,0,0,0,0,0,0,0,0,0,0,0,111,0,0,0,0,0,0,0,0,0,0,0,0,0,0,0,0,0,0,0,0,0,0,0,0,24,50,0,38,0,0,0,0,0,0,55,0,0,0,0,0,0,0,0,0,0,0,0,0,0,0,0,0,0,0,0,0,12,26,0,0,0,0,0,0,0,0,0,0,0,0,0,0,0,0,0,0,0,0,0,0,0,0,0,40,0,0,29,0,0,0,0,0,0,0,0,0,0,0,0,0,0,0,0,0
"D6",3669,64,0,0,214,65,97,46,3986,0,0,40,0,0,0,3339,23,44,36,0,0,0,0,0,0,0,0,0,0,26,121,0,0,0,0,0,33,0,0,0,0,0,0,0,0,0,0,0,0,0,0,0,0,60,0,0,0,0,0,0,0,0,0,0,0,0,0,0,0,6,0,0,0,0,34,0,0,0,0,0,0,0,0,0,18,0,110,544,0,0,0,0,0,0,0,0,0,0,0,0,0,0,0,0,0,0,0,0,0,12,22,0,0,0,0,357,0,0,0,0,6,0,0,0,0,0,0,0,0,0,0,0,0,0,0,0,0,0,0,0,0,0,0,0,0,0,0,0,0,0,0,24,0,0,0,0,0,0,0,0,0,0,0,0,0,221,0,0,0,33,0,13,0,42,0,0,0,0,0,0,0,0,0,0,18,0,0,0,0,0,0,16,0,43,0,0,0,0,0,51,0,0,0,0,0,0,0,0,0,0,0,0,128,0,0,0,0,0,0,0,0,0,0
"D7",7353,6,0,0,57,2508,0,127,0,0,0,31,0,0,0,0,0,0,100,0,0,0,0,862,0,0,0,0,0,81,40,0,0,0,0,0,0,0,0,0,0,0,0,0,0,0,0,0,0,0,0,0,0,0,0,0,0,0,0,0,0,0,0,0,0,0,0,0,0,0,0,0,0,0,0,149,3,0,18,0,0,0,0,0,0,0,0,0,0,0,0,0,0,0,0,0,54,0,0,0,0,0,0,0,0,0,0,0,0,0,0,0,0,0,0,0,0,0,0,0,0,0,0,0,0,0,0,0,0,0,0,0,0,0,0,0,0,0,0,0,0,0,0,0,0,0,0,0,0,0,0,0,0,0,0,0,0,0,0,0,0,0,0,0,0,0,0,0,0,0,0,0,0,0,0,0,36,0,0,0,0,0,0,0,0,0,0,0,0,0,0,0,0,0,0,0,0,0,0,0,0,0,0,0,0,0,0,0,0,0,0,0,0,0,0,0,0,0,0,0,0,0,0
"D8",5347,0,0,0,581,165,0,43,0,71,23,170,269,0,12,0,157,70,0,0,0,0,44,0,0,0,0,0,0,66,0,0,0,0,653,0,0,0,129,0,0,0,0,0,0,0,0,20,0,0,0,0,0,0,0,0,0,0,0,0,0,0,0,0,0,0,0,8,0,0,0,0,0,0,42,0,7,0,0,0,0,0,14,0,15,75,0,0,0,0,0,0,0,0,0,0,0,0,118,0,0,0,26,0,0,0,0,0,0,0,0,0,0,0,0,0,25,0,0,0,0,0,0,0,0,0,0,0,0,2,0,0,0,0,0,0,0,0,0,0,0,76,0,0,0,0,0,0,0,0,0,0,60,34,29,0,0,0,44,0,0,0,0,0,0,0,0,0,0,0,4,0,0,0,0,14,0,0,0,0,0,0,0,0,0,0,0,0,0,0,0,0,0,0,0,0,0,0,0,0,0,0,0,0,0,0,0,0,0,0,0,0,0,0,0,0,0,0,0,0,0,0,0
"D9",7700,749,5,18,2169,78,256,0,0,0,0,46,191,0,0,0,69,273,80,0,0,728,0,0,0,0,0,0,0,0,0,0,0,0,38,0,321,0,0,0,0,0,0,0,98,0,0,45,0,0,0,0,0,0,0,0,0,0,0,0,0,0,39,157,0,0,0,0,0,0,0,0,0,0,0,0,0,0,0,0,0,107,0,0,0,0,63,0,0,18,0,0,0,0,0,0,35,0,0,0,0,0,0,0,0,0,0,0,0,0,0,0,0,0,0,0,0,0,0,0,0,0,0,0,0,0,0,0,64,0,0,0,0,0,0,0,0,0,0,0,0,0,0,0,0,0,0,0,0,0,0,0,0,0,0,0,0,0,0,0,0,0,0,0,0,0,0,0,0,0,0,0,0,0,0,0,0,0,0,0,0,0,0,0,0,0,0,0,0,0,15,0,0,0,0,0,0,0,0,0,0,0,0,0,0,0,0,0,0,0,0,0,0,0,0,0,0,0,0,0,0,0,0
"E1",7290,144,21,8,446,48,0,88,0,0,0,253,0,0,0,0,0,35,71,843,0,0,0,0,0,0,0,0,0,53,19,1042,0,0,0,0,0,0,0,0,0,1459,0,163,0,210,0,0,0,0,0,76,0,0,0,236,467,0,0,0,0,0,20,0,0,0,65,0,0,0,0,0,0,0,0,0,24,0,0,0,222,0,0,0,0,0,0,0,0,0,0,0,0,32,327,0,0,0,0,0,0,0,0,0,0,85,0,0,31,0,40,0,0,0,0,0,0,0,0,0,0,0,241,0,0,0,0,0,0,0,0,0,0,0,0,0,0,0,0,0,0,0,317,0,0,0,0,0,0,0,107,0,0,0,0,0,0,0,0,0,0,66,0,0,0,0,10,0,0,0,0,0,0,0,0,0,0,0,0,0,0,0,0,0,0,0,68,0,0,0,0,0,0,0,0,0,0,0,0,0,0,0,0,0,0,0,0,0,0,0,0,0,0,0,0,0,0,0,0,0,0,0,0
"E10",5346,6435,14471,26,519,0,50,0,0,0,298,125,0,0,234,0,183,0,43,0,0,0,0,0,0,14,319,0,0,57,22,0,0,0,3,0,0,0,0,89,120,0,0,91,0,0,0,0,0,0,0,0,98,0,49,0,0,0,0,14,26,0,0,14,0,0,0,0,43,0,245,0,0,0,40,0,0,67,0,85,0,0,0,13,0,0,0,0,0,0,0,0,0,0,0,0,0,0,0,0,0,0,0,122,0,0,0,25,0,0,0,0,0,0,0,0,0,84,0,0,11,0,0,0,0,0,0,0,0,0,0,0,0,0,0,0,0,0,66,0,0,0,0,0,0,0,0,0,0,0,0,0,0,0,4,0,0,0,0,0,0,0,0,0,0,0,0,0,0,0,0,0,0,0,0,0,15,0,0,0,0,0,0,0,0,0,0,0,0,21,0,0,62,0,0,0,0,0,0,0,0,0,0,0,0,0,0,0,0,0,0,0,0,0,0,0,0,0,0,0,0,0,0
"E11",1565,8746,11,3217,72,0,192,61,10,0,26,62,0,463,27,0,0,9,50,0,377,0,0,0,0,14,16,0,5,0,80,127,0,0,25,4,0,0,0,58,17,0,0,11,14,0,0,0,0,0,10,0,0,0,0,0,0,0,0,0,0,8,11,0,0,0,0,0,0,0,0,0,0,14,9,0,0,9,0,0,0,0,0,0,0,0,0,0,0,41,0,12,0,0,0,0,14,0,30,0,0,0,0,0,0,26,0,15,0,0,0,16,0,0,0,0,0,0,0,0,0,0,0,0,0,0,0,0,0,30,0,0,0,0,0,0,0,0,0,0,0,0,0,0,0,0,0,0,0,0,0,13,0,0,0,0,0,0,0,0,0,0,0,0,0,0,0,0,0,0,0,0,0,0,0,0,0,0,0,0,0,0,0,41,0,0,0,44,0,0,0,0,0,0,0,0,0,0,0,0,0,0,0,0,0,0,0,14,0,0,0,0,0,0,0,0,0,0,0,0,0,0,0
"E12",4288,1426,5,10063,252,26,117,8,31,5,334,125,0,1901,126,0,51,80,71,0,2128,0,47,0,0,30,59,0,46,0,23,0,0,0,14,0,0,0,0,0,46,0,0,0,6,0,0,83,0,0,0,0,0,0,53,0,0,0,0,0,95,0,18,44,0,0,0,0,0,0,0,0,0,0,76,0,0,0,0,0,0,0,0,44,0,0,0,0,0,0,0,0,0,0,0,0,15,0,0,0,0,0,0,0,0,0,0,0,0,0,0,0,0,0,0,0,0,0,0,0,0,0,0,0,0,0,0,0,0,0,0,0,0,0,0,0,0,0,0,0,0,0,0,0,0,0,0,0,0,0,0,0,0,0,0,0,0,0,0,0,0,27,0,0,0,0,0,0,0,0,0,0,0,0,33,24,0,0,0,18,75,0,0,0,0,0,0,0,0,0,0,0,0,0,0,0,0,0,0,0,0,0,0,0,0,20,0,0,0,0,0,0,0,0,0,0,0,0,0,0,0,0,0
"E2",5125,396,8,0,207,211,4,77,61,0,0,0,124,0,0,0,73,88,64,57,0,282,0,107,0,0,0,0,241,0,0,13,0,0,145,0,43,0,277,0,0,0,0,0,48,0,0,0,0,0,0,0,0,0,0,0,0,20,27,0,0,0,0,0,0,0,0,0,0,0,0,0,0,0,59,0,20,0,0,42,0,0,225,0,0,0,0,0,0,0,0,43,0,39,0,0,0,0,0,0,96,0,0,0,0,43,0,0,13,0,0,0,0,0,0,0,0,0,0,0,5,0,0,0,0,0,0,0,0,0,23,0,0,0,0,0,0,0,0,0,0,0,0,0,9,0,0,0,0,0,0,0,0,0,0,0,0,0,20,0,0,0,0,0,0,0,0,0,0,0,18,0,0,0,0,0,0,0,35,17,29,0,0,0,0,0,0,0,0,0,0,0,0,48,0,0,0,0,0,0,0,0,26,0,0,0,0,0,0,0,0,0,0,0,0,0,0,0,0,0,0,0,0
"E3",4303,2539,104,0,209,82,539,2306,13,66,0,49,1842,0,0,0,102,0,14,0,0,0,18,0,0,0,0,40,0,0,0,0,0,0,41,925,0,0,0,0,0,0,0,0,146,0,0,15,0,0,0,0,0,0,0,0,0,0,0,0,0,6,0,0,0,0,0,0,0,0,0,0,0,0,13,0,0,0,82,0,0,0,0,0,0,0,0,0,412,0,0,0,0,0,0,0,0,0,38,0,0,0,0,0,0,39,0,0,0,0,0,0,0,0,0,0,0,0,0,0,0,0,0,0,0,331,0,23,0,67,0,0,0,0,0,0,0,0,262,0,0,0,0,0,41,0,0,0,0,0,0,0,0,19,0,0,0,0,0,0,241,0,0,0,0,0,0,0,20,0,0,0,0,0,0,0,0,0,0,0,0,0,0,79,0,0,0,0,0,0,0,0,0,0,0,159,0,0,0,0,0,0,0,0,0,0,0,0,0,0,0,0,21,0,30,0,0,27,0,0,0,0,0
"E4",4736,456,4214,0,173,781,0,26,0,0,0,80,94,0,34,0,88,43,59,0,0,0,0,458,0,0,0,1377,37,0,0,0,0,0,55,714,0,0,0,0,0,0,0,104,13,0,0,0,0,0,0,0,0,0,0,0,0,0,0,0,0,0,0,0,0,0,0,0,0,0,0,0,0,0,0,96,0,0,0,0,0,0,43,0,0,0,0,0,10,0,10,0,0,0,0,0,0,0,0,0,0,0,0,0,219,0,0,0,0,0,0,0,0,0,0,0,0,0,0,0,24,0,0,0,0,0,0,0,0,0,41,0,36,0,0,176,0,0,0,0,0,0,21,0,0,0,0,0,162,0,0,0,0,0,0,0,0,0,0,0,0,0,0,0,0,0,0,0,0,0,0,0,145,0,0,0,0,0,0,19,0,0,0,0,0,0,0,0,0,0,0,0,0,0,0,0,0,0,0,0,0,0,0,0,0,0,0,0,0,0,0,0,0,0,0,0,0,0,0,0,0,0,10
"E5",2180,25669,9,0,38,104,15,100,107,188,49,64,0,0,9,264,93,183,0,0,0,0,45,0,0,13,4,0,34,0,0,0,0,0,143,0,0,0,0,0,0,0,0,0,0,0,0,12,0,0,0,27,0,0,0,0,0,0,0,19,0,0,14,0,0,0,0,0,0,0,0,0,0,0,17,0,24,0,39,0,0,0,0,0,3,0,0,0,0,0,0,0,0,0,0,0,0,0,0,0,0,0,17,0,0,0,0,0,0,0,0,0,0,0,0,0,19,0,0,0,0,0,0,0,0,0,0,0,0,0,0,0,0,0,0,0,0,0,0,0,0,0,0,0,0,0,0,0,0,0,0,0,0,0,0,0,0,0,48,6,0,0,0,0,0,0,0,0,0,0,0,0,0,0,25,0,0,0,0,24,0,0,0,0,0,0,0,0,0,0,0,0,0,0,0,0,0,0,0,0,0,0,0,0,0,0,0,0,0,0,0,0,0,0,0,0,0,0,0,0,0,0,0
"E6",1895,9032,0,8,55,50,665,45,64,49,39,51,23,0,217,275,0,119,23,0,0,0,9,0,0,0,0,0,92,0,0,0,0,0,0,0,70,0,0,0,0,0,0,0,0,0,29,0,0,0,0,0,0,63,0,0,0,0,0,0,0,36,0,0,0,0,0,0,0,0,12,0,0,0,17,0,0,0,0,0,0,8,0,0,0,0,0,0,0,0,0,0,0,0,0,8,0,0,0,0,0,0,0,0,0,0,0,0,0,0,0,0,0,0,0,0,0,0,0,0,0,0,0,0,0,0,0,0,0,0,0,0,17,0,0,0,0,0,0,0,0,0,0,68,0,101,10,0,0,8,0,0,0,0,0,0,0,0,18,0,0,0,0,0,0,0,0,0,0,0,0,0,0,0,0,0,0,0,0,0,0,0,0,0,0,0,0,0,0,0,0,0,0,0,0,0,0,0,0,0,0,0,0,0,0,0,0,0,0,0,0,0,0,26,0,0,0,0,0,11,0,0,0
"E7",5022,26,6,0,370,38,6,101,0,0,0,131,0,0,0,0,0,47,26,0,0,0,29,0,0,0,0,0,0,0,67,0,0,0,36,0,0,0,0,0,0,0,0,0,0,0,0,0,0,0,0,0,0,0,0,0,0,29,0,0,0,0,15,0,0,0,0,0,0,0,0,0,0,0,0,0,0,0,0,0,0,0,0,0,23,0,0,0,0,0,0,0,0,0,0,0,0,0,0,0,0,0,0,0,0,0,0,0,0,0,0,0,0,0,0,0,0,0,0,0,0,0,0,0,0,0,17,0,0,0,0,0,0,0,0,0,0,0,0,0,0,0,0,0,0,0,0,0,0,0,0,0,0,0,0,0,0,0,0,0,0,0,0,0,0,0,0,0,0,0,0,0,0,0,0,0,0,0,0,0,0,0,0,0,0,0,0,0,0,0,0,0,0,0,0,0,0,0,0,0,0,0,0,0,0,0,0,0,0,0,0,29,0,0,0,0,0,0,0,0,0,0,0
"E8",5223,71,5,62,332,71,45,0,0,0,0,190,0,0,75,0,215,0,29,0,0,0,27,0,0,0,0,0,0,85,0,0,0,0,0,0,10,0,91,0,0,0,0,0,0,0,0,0,0,0,0,0,0,0,0,0,0,0,0,0,0,0,0,0,0,0,0,0,0,0,0,0,0,0,0,0,0,0,0,26,0,20,0,0,0,17,44,0,0,0,0,0,0,0,0,0,0,0,0,0,0,0,0,0,0,0,0,0,0,0,0,0,58,0,0,0,0,0,0,0,0,0,0,0,0,0,0,0,0,0,0,0,0,0,0,0,0,18,0,0,0,0,0,0,0,0,0,0,0,0,0,0,25,0,0,0,0,0,0,0,0,0,0,0,0,14,0,0,0,0,0,0,0,0,0,0,0,0,0,0,0,0,0,0,0,0,0,0,30,0,0,0,0,0,0,0,0,0,0,0,0,0,0,0,0,0,0,0,0,0,0,0,0,0,0,0,0,0,0,0,0,0,0
"E9",11955,14827,54,16,406,29,1980,270,155,0,76,573,0,0,0,52,11,151,54,0,0,0,48,0,0,0,0,0,0,0,447,0,0,0,63,0,0,1231,0,0,0,0,0,0,50,0,0,89,127,94,0,0,0,0,0,0,0,0,0,0,0,0,103,0,0,0,0,0,0,0,0,31,0,0,0,0,72,0,0,0,0,0,0,0,65,0,0,0,0,0,0,58,0,0,0,0,0,0,0,0,0,0,0,0,0,0,0,0,0,0,0,45,0,0,0,0,0,0,0,0,0,0,0,0,0,0,0,0,0,0,0,0,0,0,0,0,0,0,0,0,0,0,0,0,0,0,0,0,0,0,0,0,0,0,0,0,0,0,0,0,0,0,0,0,0,0,0,0,0,0,0,0,0,0,0,0,0,0,0,0,0,0,0,0,0,0,0,0,0,0,0,0,0,0,0,0,0,0,0,0,42,0,0,0,0,0,0,0,0,0,0,7,0,0,0,0,0,0,0,0,0,0,0
"F1",6635,790,36,71,239,0,45,646,0,0,0,171,53,0,0,0,31,0,30,58,0,0,39,0,0,0,0,0,0,0,0,0,0,0,0,0,43,0,0,133,0,0,0,35,28,54,0,0,0,0,0,0,0,0,0,0,0,0,0,0,0,0,0,0,0,0,0,0,0,0,0,0,0,0,0,0,23,0,0,0,0,0,0,0,0,0,0,0,0,45,0,0,43,83,0,0,0,0,0,0,0,0,0,0,0,0,0,0,0,0,0,0,0,0,0,0,0,0,0,0,0,0,0,0,0,0,0,0,0,0,0,0,0,0,0,0,0,0,0,0,0,0,0,0,28,0,34,0,0,0,0,0,0,0,0,0,0,0,0,0,0,37,0,0,0,0,0,0,0,0,0,0,0,0,0,0,0,0,0,0,0,0,0,0,0,0,0,0,0,0,0,0,0,0,0,0,0,0,0,0,0,0,0,0,0,0,0,0,0,0,0,0,0,0,0,0,0,0,0,34,0,0,0
"F10",4016,1694,16234,0,188,0,22,57,31,0,0,189,0,0,78,0,56,59,59,0,0,4,30,0,0,0,165,0,0,0,4,0,0,0,0,0,0,0,0,0,0,0,0,0,30,0,32,34,0,0,30,0,42,0,18,0,0,20,39,0,0,0,19,0,0,0,0,0,11,0,90,0,0,0,0,0,0,0,35,20,0,0,0,23,0,0,0,0,0,0,0,0,0,0,0,0,18,9,0,0,0,0,0,129,0,0,0,0,0,0,0,0,0,0,0,0,0,0,0,0,0,0,0,0,0,0,0,0,0,0,0,0,0,0,0,0,0,0,0,0,0,0,0,0,0,24,0,0,0,0,0,45,0,0,0,0,0,0,0,0,0,0,0,0,0,0,0,0,13,0,0,0,0,0,0,0,0,93,2,0,0,0,0,0,0,0,0,0,0,0,0,0,0,0,0,0,0,0,0,0,0,0,0,0,0,0,0,0,0,0,0,0,0,0,0,0,0,0,0,0,0,0,0
"F11",1584,4009,4379,11413,62,103,159,62,3,0,142,28,127,4567,65,6,30,47,17,0,2472,0,0,0,0,17,79,0,13,0,0,0,0,0,63,5,0,0,0,58,15,0,0,0,20,0,0,0,0,35,40,0,26,0,14,0,0,0,0,0,0,0,0,0,0,0,0,0,9,0,8,0,0,0,38,0,0,0,48,0,0,0,0,12,0,0,0,0,0,106,0,0,0,0,0,0,0,0,15,0,0,0,0,0,0,50,0,0,0,19,0,0,0,0,0,0,0,0,0,0,0,0,0,0,0,0,26,0,0,48,0,0,0,0,0,0,0,0,0,0,0,0,0,0,0,0,0,0,0,0,0,0,0,0,0,0,35,0,5,0,4,0,0,0,0,0,0,0,0,0,6,0,0,0,0,0,0,0,0,0,0,0,0,41,0,0,0,15,0,0,0,0,0,0,0,0,0,0,0,0,0,0,0,0,0,0,0,0,0,0,4,0,0,0,0,0,0,0,0,0,0,0,0
"F12",4485,14597,24,116,316,174,901,20,23,33,1566,40,0,0,207,0,115,0,77,0,44,0,45,0,0,3,229,2,43,0,40,0,0,0,0,0,26,0,0,0,95,0,0,0,0,0,0,69,121,0,80,17,171,0,94,0,0,12,0,0,226,0,0,169,0,0,0,0,94,0,39,0,0,0,0,0,0,108,0,0,0,0,0,31,0,0,0,0,0,0,0,0,0,0,0,0,0,0,0,0,0,0,0,0,0,0,13,0,0,0,0,0,0,0,0,0,0,106,0,0,0,0,0,0,0,0,0,33,0,0,0,0,0,0,0,0,0,0,0,0,106,0,0,0,0,0,0,0,0,0,0,0,0,0,0,0,0,0,0,0,0,0,0,0,0,0,0,0,0,0,0,0,0,0,0,0,0,0,0,0,0,0,0,0,19,0,0,0,0,0,0,0,0,0,0,0,0,0,0,0,0,0,0,0,0,0,0,0,0,0,0,0,0,0,0,0,0,0,0,0,0,0,0
"F2",13667,31,49,8,1413,375,20,314,0,14,0,0,0,0,0,0,93,281,237,155,0,1728,77,255,0,0,0,0,474,114,238,479,0,0,100,0,128,0,136,0,0,165,0,19,35,125,0,0,0,0,0,0,0,0,0,0,196,310,0,0,0,0,0,0,0,0,0,425,0,0,0,0,0,0,0,0,0,0,89,0,0,0,0,0,0,0,0,0,0,19,0,0,0,21,0,0,0,0,0,0,94,0,19,0,0,14,410,0,0,0,0,0,0,47,0,0,54,0,0,0,15,0,0,0,0,0,93,0,57,0,0,0,0,0,59,0,0,259,0,218,0,94,0,0,0,0,0,57,0,0,0,0,0,0,0,0,0,85,0,0,0,0,0,0,39,0,0,0,0,0,44,0,0,0,107,0,0,0,170,0,0,0,0,0,0,0,0,0,0,0,0,0,0,0,0,0,0,0,0,0,0,0,0,0,69,0,0,0,92,0,0,0,0,0,0,0,0,0,56,0,0,82,0
"F3",6619,30,0,0,130,56,2,152,98,2948,0,144,108,0,0,0,230,138,47,0,0,0,141,0,0,36,0,0,0,0,0,0,0,0,0,0,33,0,0,0,0,0,0,0,0,0,51,0,0,0,0,0,0,137,0,0,0,0,0,0,0,136,0,0,0,0,0,0,0,0,0,0,0,0,41,0,8,0,34,50,0,0,0,0,0,0,0,0,22,0,0,0,0,0,0,0,0,0,0,0,0,79,44,0,0,0,0,0,0,0,0,0,0,0,0,0,25,0,0,0,0,0,0,0,0,0,0,0,0,0,0,0,0,0,0,0,0,12,0,0,0,0,0,0,0,0,43,0,0,0,0,0,0,0,191,49,28,0,0,0,0,0,0,0,0,0,0,0,0,0,0,67,0,46,0,67,44,0,0,0,0,0,0,0,21,0,0,0,0,0,0,33,0,0,0,0,0,0,0,0,0,0,0,0,0,0,0,0,0,0,0,0,0,0,0,0,0,0,0,0,0,0,0
"F4",3389,87,11701,0,216,61,0,0,0,5,0,60,67,0,0,0,89,51,24,0,0,0,60,0,0,0,0,1509,42,26,0,0,0,0,55,573,0,0,0,0,0,0,0,61,10,0,0,17,0,0,0,0,0,0,0,0,0,6,0,0,0,55,0,0,0,0,0,0,0,0,0,0,0,0,0,0,0,0,0,0,0,0,52,0,14,0,0,0,0,0,0,18,0,0,0,0,0,0,0,0,12,0,0,0,242,0,0,0,0,0,0,0,0,0,0,0,36,0,0,0,0,0,0,0,0,0,0,0,0,0,0,29,0,0,0,146,0,0,0,0,0,0,0,0,45,0,0,0,150,0,0,0,0,0,0,44,45,0,0,0,0,0,0,0,0,0,0,0,0,0,0,0,81,0,30,0,0,0,0,0,0,0,0,0,0,0,0,0,0,0,0,0,0,0,0,0,0,0,0,0,0,0,0,0,0,0,0,0,0,0,0,0,0,0,0,0,0,0,11,0,0,0,0
"F5",5146,7169,5,0,162,189,68,154,50,729,73,132,80,0,273,26,509,56,89,0,0,0,202,0,0,0,0,0,166,0,0,0,0,0,45,0,0,0,0,0,0,0,0,28,21,0,0,71,0,0,0,328,0,0,0,0,0,0,0,233,0,0,19,0,0,0,0,0,50,0,0,0,0,0,0,0,0,0,0,0,0,0,0,0,20,0,0,0,0,0,0,0,0,0,0,7,0,0,0,0,0,27,0,0,0,0,0,15,0,0,0,0,0,0,0,0,0,0,0,0,0,10,0,0,0,0,0,0,0,0,0,0,0,0,0,0,0,0,0,0,0,0,0,0,0,0,0,0,0,0,0,0,0,28,0,0,0,0,0,0,3,0,0,0,0,0,0,0,0,0,0,0,0,0,0,0,0,0,0,0,0,0,0,0,0,0,0,0,0,0,0,0,0,0,0,0,43,0,0,0,0,0,0,80,0,43,0,0,0,13,5,0,0,0,0,0,0,0,0,0,0,0,0
"F6",5849,173,8,30,193,114,0,752,0,86,124,161,265,0,1112,0,99,56,48,0,0,0,33,0,0,0,0,0,54,0,0,0,0,0,0,0,0,0,0,0,70,0,0,30,66,0,0,0,0,0,0,0,0,0,0,0,0,0,0,0,0,0,13,0,0,0,0,0,0,0,0,0,26,0,0,0,0,0,0,0,0,0,0,0,0,0,0,0,0,0,0,0,0,0,0,0,0,0,0,0,0,0,0,0,0,0,0,29,0,0,0,0,0,0,0,0,17,0,0,0,0,0,0,0,0,0,0,0,0,0,0,0,0,0,0,0,0,0,0,0,0,0,0,0,0,0,0,0,0,0,0,0,0,0,0,0,0,0,30,0,0,0,0,0,0,0,0,0,0,0,0,0,0,11,0,0,0,0,0,0,0,0,0,0,0,162,0,0,0,0,0,0,0,0,0,0,0,0,0,0,0,0,0,0,0,0,0,0,0,37,0,0,0,0,0,0,0,0,0,0,0,0,0
"F7",7440,7,11,0,812,91,18,235,0,0,0,269,0,0,22,0,4,119,101,0,0,2,0,0,0,31,0,0,0,0,54,0,0,0,0,0,0,0,0,0,0,0,0,0,0,0,0,0,0,0,0,0,0,0,0,0,0,0,0,0,0,0,24,0,0,0,0,0,0,0,0,0,0,0,27,0,0,0,0,0,0,0,0,0,0,0,0,0,0,0,0,0,0,0,0,0,0,0,0,0,0,0,0,0,0,0,0,0,0,0,0,67,0,0,0,0,0,0,0,0,39,0,0,0,0,0,0,0,0,0,0,0,0,0,0,0,0,0,0,0,0,0,0,0,0,0,0,0,0,0,0,0,0,0,0,0,0,0,0,0,0,0,0,0,0,0,0,0,45,0,0,0,0,0,0,0,0,0,0,0,0,0,0,0,0,0,0,0,0,0,0,0,0,0,0,0,0,0,26,0,0,0,0,0,0,0,0,0,0,0,0,0,0,0,0,0,0,12,0,0,0,0,0
"F8",5447,14,7,0,293,43,0,0,0,0,0,94,0,0,0,0,97,0,86,0,0,0,0,0,0,15,0,0,0,42,0,0,0,0,21,0,105,0,0,0,0,0,0,0,45,0,0,0,0,0,0,0,0,122,0,0,0,22,0,0,0,0,51,0,0,0,0,0,0,0,0,0,0,0,0,0,0,0,0,34,0,0,0,0,0,132,0,0,0,0,0,0,0,0,0,0,0,0,0,0,0,84,0,0,0,0,0,0,0,0,0,0,26,0,0,0,0,0,0,0,0,0,0,0,0,0,0,0,0,27,0,0,0,0,0,0,0,0,0,0,0,0,0,0,0,0,0,0,0,0,0,0,0,0,0,0,0,0,0,0,0,0,0,0,0,0,0,0,0,0,0,0,0,0,0,0,0,0,0,0,0,0,0,0,0,0,0,0,0,0,0,0,0,0,0,0,0,0,0,0,0,0,0,0,0,0,0,0,0,0,0,0,0,0,0,0,0,0,0,0,0,0,0
"G1",6135,190,1471,0,161,0,67,119,36,374,0,77,97,0,0,0,76,97,68,185,0,0,74,0,0,2532,0,0,0,0,0,0,0,0,0,0,0,0,0,0,0,0,0,28,113,0,0,19,0,0,0,0,0,0,0,0,0,0,20,0,0,0,46,0,0,0,0,0,0,0,0,661,0,0,11,4,35,0,0,0,0,439,0,0,0,0,0,0,0,0,0,0,0,0,0,0,0,0,24,0,0,0,15,0,0,0,0,0,0,0,0,0,0,0,0,0,0,0,0,333,0,8,0,0,0,0,0,0,0,0,0,0,0,0,0,0,70,0,0,0,0,0,0,0,0,0,0,0,0,0,0,0,0,0,0,0,0,0,0,0,0,0,0,0,0,0,0,0,0,0,15,0,0,0,0,0,0,8,0,0,0,183,0,0,0,0,0,0,0,0,0,0,0,0,0,0,0,0,0,0,0,138,0,0,0,0,0,0,0,0,0,118,0,0,0,0,0,0,0,0,0,14,18
"G10",2913,10020,6496,0,86,41,336,0,12,0,0,184,0,0,0,0,0,0,32,0,0,0,18,0,0,7,0,0,0,0,11,0,0,0,0,0,0,29,0,0,0,0,0,0,0,0,0,0,0,0,0,0,0,0,0,0,2,0,0,0,0,5,5,8,0,0,0,0,0,0,0,0,0,0,0,0,0,0,0,0,0,0,0,0,0,0,0,0,0,0,0,0,0,0,0,0,0,0,0,0,0,0,0,0,0,0,0,0,0,0,0,21,0,0,0,0,0,0,0,0,0,0,0,0,0,0,0,0,9,0,0,0,0,0,0,0,0,0,0,0,0,0,0,0,0,0,0,0,0,12,0,0,0,0,0,0,0,6,0,0,0,0,0,0,0,0,0,0,0,0,0,0,0,0,0,0,0,0,0,0,0,9,0,0,0,0,0,0,0,0,0,0,0,0,0,0,0,0,0,0,0,0,0,0,0,0,0,0,0,0,0,0,0,0,0,0,0,0,0,0,0,0,0
"G11",5572,14296,15,453,191,93,152,119,53,126,40,155,65,0,173,0,169,0,188,0,0,0,62,0,0,0,112,0,40,28,0,0,0,0,25,0,0,0,0,0,0,0,0,25,50,0,0,0,0,0,0,0,0,0,0,0,0,0,0,0,0,0,0,0,0,0,0,0,0,0,0,0,0,0,0,0,0,0,17,0,0,0,0,0,0,0,0,0,0,0,0,0,0,0,0,0,0,0,0,0,0,10,0,0,0,0,0,0,0,0,0,24,0,0,0,0,0,0,0,0,0,9,0,0,0,0,0,0,0,0,0,0,0,0,0,0,0,0,0,0,0,0,0,42,0,0,0,0,0,0,0,0,0,0,0,34,0,0,0,0,0,0,0,0,0,0,0,0,0,0,0,0,0,0,0,0,0,0,0,0,0,0,0,0,0,37,0,0,0,0,0,0,0,0,0,0,0,0,0,0,0,0,0,0,0,0,0,0,0,0,0,0,0,0,0,0,0,0,0,0,0,0,0
"G12",6562,1266,0,138,355,418,0,26,332,145,1218,134,122,0,129,50,225,51,58,0,43,0,65,0,0,33,151,0,0,145,0,0,0,0,25,0,37,0,0,164,193,0,0,63,0,0,0,260,0,21,161,0,245,0,31,0,0,0,0,66,282,69,0,27,33,0,0,30,41,4,0,0,0,45,0,0,19,67,0,92,0,0,0,120,0,0,0,0,0,0,0,50,0,0,0,0,14,0,0,0,0,26,15,0,0,38,0,35,23,0,0,0,0,0,61,0,0,0,32,0,0,0,0,0,0,0,0,0,0,14,0,123,0,0,0,0,0,0,0,0,11,0,0,0,0,0,0,0,0,0,0,0,0,20,0,0,0,0,0,0,0,0,0,0,0,0,11,0,0,55,0,0,0,0,0,0,27,0,0,0,0,0,0,0,0,0,0,0,0,0,0,0,0,0,0,0,0,0,0,0,25,0,0,0,0,22,0,0,0,0,0,0,0,0,0,0,0,0,0,0,0,0,0
"G2",4356,1702,4626,0,126,77,340,0,0,0,0,0,90,0,0,0,133,72,145,0,0,78,0,78,0,0,0,0,17,0,0,303,0,0,26,0,59,0,0,0,0,87,0,39,0,0,0,0,0,0,0,0,0,0,0,0,121,0,188,0,0,0,0,0,0,0,46,0,0,0,0,0,353,0,0,0,8,0,0,0,0,0,0,0,0,0,0,0,0,0,158,0,0,0,28,0,0,0,0,259,7,0,34,0,0,0,0,0,0,0,0,0,0,0,138,0,0,0,0,0,15,0,40,177,0,0,0,0,0,0,34,0,0,0,0,0,167,0,0,0,0,60,0,0,0,26,0,0,0,0,0,0,0,0,0,0,0,0,0,0,0,0,0,0,0,0,0,0,0,0,21,0,0,0,0,0,0,0,0,0,0,0,51,16,0,0,0,0,0,0,0,0,0,0,70,0,0,0,0,0,0,0,9,0,0,0,0,0,19,0,0,0,0,0,13,61,0,0,5,0,0,0,0
"G3",5687,8277,12,32,138,0,0,156,0,763,0,92,49,0,0,0,14,115,0,0,0,0,0,0,0,21,0,0,0,0,0,0,0,0,16,0,0,0,0,76,0,0,0,0,22,0,0,19,0,0,0,0,0,0,0,0,0,0,0,0,0,37,91,0,0,0,0,0,0,0,0,0,0,0,0,0,19,0,55,0,0,0,86,0,0,0,0,0,0,0,0,27,0,0,0,0,0,0,0,0,0,72,0,0,0,32,0,0,0,0,0,0,0,0,0,0,72,0,0,0,0,0,0,0,0,0,0,0,0,0,0,0,0,0,0,0,0,0,0,0,0,0,0,0,0,0,0,0,0,0,0,0,0,0,0,0,25,0,26,0,0,0,0,0,0,0,0,0,83,0,0,0,0,0,0,0,0,0,0,0,0,0,0,0,0,0,0,0,0,0,0,15,0,0,0,0,0,0,0,0,0,0,0,0,0,0,0,0,0,0,0,0,0,0,0,0,0,0,0,0,0,0,0
"G4",3551,363,12004,0,261,20,0,0,0,14,0,99,7,0,0,0,49,0,25,0,0,0,16,0,0,54,0,0,12,0,0,0,0,0,0,22,0,0,0,0,0,0,0,24,0,0,0,0,0,0,0,0,0,0,0,0,0,0,0,0,0,0,0,0,0,0,0,0,0,0,0,0,18,0,0,0,20,0,0,0,0,0,56,0,0,0,0,0,0,0,0,0,0,0,0,0,16,0,0,0,0,0,0,0,0,0,0,0,0,0,0,0,0,0,0,0,0,0,0,0,0,8,0,0,0,0,0,0,0,0,0,0,0,0,0,0,0,0,0,0,0,0,0,0,23,0,0,0,0,0,0,0,0,0,0,0,0,0,0,0,0,0,0,0,0,0,0,0,0,0,19,0,0,0,0,0,0,0,0,0,0,0,19,0,0,0,0,0,0,0,0,0,0,0,0,0,0,0,0,0,0,0,0,0,0,0,20,0,0,0,0,0,0,0,0,0,0,0,16,0,0,0,0
"G5",7379,5793,4,0,396,252,58,26,290,0,0,171,0,0,0,55,0,0,121,0,0,0,54,0,0,30,0,0,0,99,0,0,0,0,0,0,37,0,0,152,0,0,0,0,0,0,0,0,0,0,0,0,0,99,0,0,0,0,0,0,0,0,0,0,0,0,0,0,0,0,0,0,0,0,0,0,0,0,0,32,0,27,0,0,0,0,0,0,0,0,0,0,0,0,0,8,0,0,0,0,0,24,0,0,0,0,0,0,0,0,0,0,0,0,0,0,0,0,0,0,0,0,0,0,0,0,0,92,0,0,0,72,0,326,0,0,0,0,0,0,0,0,0,0,0,0,0,0,0,0,0,0,0,0,0,0,0,0,0,72,0,0,0,11,0,0,0,184,0,0,28,0,0,0,0,0,0,15,0,0,0,0,0,0,0,0,0,0,0,0,0,0,0,0,0,0,85,0,0,0,0,0,0,0,0,0,0,0,0,0,0,0,0,97,0,0,0,0,0,0,0,0,4
"G6",4040,7559,9,0,153,0,4,125,13,0,10,53,178,0,284,31,0,89,34,0,0,0,24,0,0,30,0,0,23,34,0,0,0,0,41,0,11,0,0,0,31,0,0,0,0,0,0,12,0,0,0,19,0,0,0,0,0,0,0,0,0,0,0,0,0,0,0,0,0,0,0,0,0,0,23,0,0,0,0,0,0,0,0,29,0,0,0,0,0,0,0,0,0,0,0,0,0,0,0,0,0,0,0,0,0,43,0,0,0,0,0,11,0,0,0,0,12,23,0,0,0,0,0,0,0,0,0,0,0,0,0,0,0,0,0,0,0,0,0,0,0,0,0,0,0,0,0,0,0,0,0,0,0,0,0,0,0,0,0,0,0,34,0,0,0,0,0,0,0,0,9,0,0,0,0,0,0,0,0,0,0,0,0,0,0,0,0,0,0,0,0,0,0,0,0,0,0,123,0,0,0,0,0,0,0,0,0,0,0,34,0,0,0,0,0,0,0,0,0,0,0,0,0
"G7",6238,2199,5538,0,203,101,424,17,0,0,0,15,0,0,0,0,162,73,155,0,0,84,0,112,0,4,0,0,0,17,105,363,0,0,44,0,107,0,0,0,0,145,0,74,0,0,0,30,0,0,0,0,0,0,0,0,203,0,227,0,0,0,20,0,0,0,18,0,0,0,0,0,302,0,0,0,59,0,0,0,0,0,0,0,0,0,0,0,0,0,121,0,0,0,46,0,0,0,0,235,0,0,0,0,0,0,0,0,0,0,0,0,0,0,112,0,0,0,0,0,13,0,74,205,0,0,0,0,0,0,0,0,0,0,0,0,119,0,0,0,0,80,0,0,0,55,0,0,0,0,0,0,0,0,0,0,0,0,0,0,0,0,0,0,0,0,0,0,0,0,0,0,0,0,0,0,0,0,0,0,0,0,87,0,0,0,0,0,0,0,0,0,0,0,114,0,0,0,0,0,0,0,26,0,0,0,0,0,48,0,0,0,0,0,29,90,0,0,13,0,0,0,0
"G8",4269,6,6,0,1008,147,73,75,22,44,0,194,45,0,56,0,126,0,0,0,0,0,120,0,0,0,0,0,0,37,0,0,0,0,16,0,21,0,310,0,0,0,0,49,0,0,0,0,0,0,0,0,0,0,0,0,0,0,0,0,0,0,0,0,0,0,0,0,0,0,0,0,0,0,0,0,29,0,0,0,0,0,0,0,0,298,0,0,0,0,0,0,0,0,0,0,0,0,10,0,0,0,0,0,0,0,0,0,0,0,0,0,272,0,0,0,0,0,0,0,0,0,0,0,0,0,0,0,0,0,0,0,0,0,0,0,0,0,0,0,0,0,0,0,0,0,0,0,0,0,0,0,189,0,0,0,0,0,0,0,0,0,0,0,0,0,0,0,20,0,0,0,0,0,0,0,0,0,0,0,0,0,0,0,0,0,0,20,124,0,24,0,0,0,0,0,0,0,0,0,0,0,0,0,0,0,0,0,0,0,0,0,0,0,0,0,0,0,0,0,0,0,0
"G9",3791,127,35,0,176,0,245,34,76,0,0,148,0,0,0,65,20,30,58,0,0,0,34,0,0,0,0,0,0,0,59,0,2,0,35,0,0,0,0,0,0,0,0,0,0,0,0,0,0,32,0,0,45,0,0,0,0,0,0,0,0,0,41,0,0,0,0,0,0,0,0,0,0,0,0,0,0,0,0,12,0,0,0,0,0,0,0,0,0,0,0,0,0,0,0,0,0,0,0,0,0,0,16,0,0,0,0,0,0,0,0,0,0,0,0,0,0,0,0,0,0,0,0,0,0,0,0,0,0,7,0,0,0,0,0,0,0,0,0,0,0,0,0,35,0,0,0,0,0,0,0,0,0,0,0,0,0,0,0,0,0,0,0,0,0,0,0,0,14,23,0,0,0,0,0,0,0,0,0,0,0,0,0,0,0,0,0,0,0,0,0,0,0,0,0,0,0,0,0,0,0,0,0,0,0,0,0,0,0,0,0,0,0,0,0,0,0,0,0,0,0,0,0
"H1",4180,491,10008,0,273,0,983,87,15,1072,0,209,57,0,0,0,33,106,109,90,0,0,111,0,0,160,0,0,0,0,0,0,0,0,0,0,100,0,25,43,0,0,0,19,41,0,88,0,0,0,0,0,0,0,0,112,0,0,0,0,0,0,24,0,0,0,0,0,0,0,0,0,0,0,0,0,0,0,0,0,0,0,0,0,0,0,0,0,0,0,0,0,0,0,0,0,0,0,0,0,0,0,0,0,0,0,0,0,29,0,43,0,0,0,0,0,0,0,0,0,0,0,0,0,0,0,0,0,0,0,0,0,0,0,0,0,0,0,0,0,0,0,0,0,0,0,35,0,0,9,0,0,0,25,0,0,0,0,0,0,0,0,0,0,52,0,0,0,0,0,0,0,0,0,0,0,0,80,0,0,53,0,0,0,0,0,0,0,0,0,0,0,0,0,0,0,0,0,0,0,0,0,0,0,0,0,0,0,0,0,0,0,0,0,0,0,18,52,0,0,0,0,0
"H10",5600,160,16,0,149,42,0,86,7,0,0,132,62,0,9,0,0,7,76,0,0,0,3,0,0,24,0,0,0,0,0,0,0,0,0,0,62,198,0,0,0,0,0,0,0,0,163,0,0,0,0,72,0,0,0,0,0,0,0,0,0,0,0,118,0,0,0,0,0,0,0,0,0,0,0,0,0,0,0,88,0,0,0,0,25,0,0,0,0,0,0,0,0,0,0,0,0,0,0,0,0,0,0,0,0,0,0,0,0,0,0,52,0,0,0,0,0,0,0,0,0,0,0,0,0,0,0,0,26,0,0,0,0,0,0,0,0,0,0,0,0,0,0,0,0,0,0,0,0,0,0,0,0,0,0,0,0,0,0,0,0,0,0,0,0,0,17,0,0,0,0,0,0,0,0,0,0,0,0,14,0,0,0,0,0,0,0,0,0,0,0,0,0,0,0,0,0,0,0,0,0,0,0,0,0,0,0,0,0,0,0,0,0,0,0,0,0,0,0,0,0,0,0
"H11",3583,1470,151,1221,61,383,343,279,90,360,1580,114,209,855,1607,0,132,47,66,0,0,57,306,0,0,21,854,0,113,50,0,0,0,0,0,0,0,0,0,78,303,0,0,0,38,0,0,46,0,37,291,8,214,0,235,0,0,21,0,52,18,0,0,0,15,777,0,30,179,20,0,0,0,33,0,0,0,172,0,0,0,0,0,87,10,0,17,0,0,0,0,0,0,0,0,0,23,0,0,0,0,0,0,0,0,0,0,17,0,0,0,0,0,0,0,0,0,85,0,0,0,0,0,0,0,0,0,0,0,0,64,0,0,0,0,0,0,0,0,0,52,0,0,35,0,0,0,0,0,36,0,36,0,0,0,0,0,0,0,0,0,0,0,0,0,0,25,0,0,0,0,0,0,0,0,0,0,0,0,0,0,0,0,0,0,0,0,0,0,0,0,0,0,0,0,0,0,0,0,0,0,0,0,0,0,22,0,0,0,28,0,0,0,0,0,0,0,0,0,0,0,0,12
"H12",2662,1550,0,0,113,109,17,247,5292,73,180,97,0,0,231,1518,97,0,38,0,0,0,154,0,0,0,142,0,0,0,80,0,0,0,0,0,216,0,0,0,0,0,0,35,0,0,983,22,0,106,72,0,0,633,44,0,0,0,0,0,14,0,0,0,0,0,0,0,0,0,14,0,0,481,0,0,18,0,7,0,0,0,0,0,29,0,66,0,0,0,0,0,0,15,0,490,0,447,0,0,0,0,0,0,0,0,0,0,0,319,54,8,0,0,0,37,6,0,0,0,0,0,0,0,0,0,0,11,0,0,24,0,308,34,0,0,0,0,0,0,24,0,0,6,0,51,0,0,0,0,0,0,0,0,0,0,0,0,0,141,0,0,0,225,0,0,0,48,0,29,0,0,0,0,0,0,0,0,0,0,0,0,0,17,0,0,0,0,0,0,0,9,0,0,0,0,0,0,0,0,0,0,0,0,0,0,0,0,0,0,0,0,0,0,0,0,0,0,0,0,0,0,0
"H2",2105,11179,4,0,30,69,0,114,0,0,0,0,44,0,0,0,103,16,0,38,0,27,0,8,0,0,0,0,0,0,0,0,0,0,0,0,0,0,15,0,0,0,0,31,0,0,0,0,0,0,0,0,0,0,0,0,0,0,23,0,0,0,11,0,0,0,0,0,0,0,0,0,0,0,10,0,0,0,0,0,0,0,0,0,0,0,0,0,0,0,0,0,0,0,0,0,0,0,0,0,9,0,0,0,0,0,0,0,0,3,0,10,0,0,0,0,0,0,0,0,0,0,0,0,0,0,25,0,0,0,0,0,0,0,0,0,0,0,0,0,0,0,0,0,0,0,0,0,0,0,0,0,0,0,0,0,0,0,0,0,0,0,0,0,0,0,0,0,0,0,0,0,0,0,0,0,0,0,0,3,0,0,0,0,0,0,0,0,0,0,0,0,0,0,0,0,0,0,0,0,0,0,0,0,0,0,0,0,0,0,0,0,0,0,0,0,0,0,11,0,0,0,0
"H3",3783,93,0,0,330,23,0,131,0,443,0,121,0,0,0,0,28,41,4,0,0,0,226,0,0,15,0,0,37,0,60,0,0,0,4,0,0,0,0,0,0,0,0,0,15,0,0,74,0,0,0,0,0,0,0,0,0,0,0,0,0,0,34,0,0,0,0,0,0,0,0,0,0,0,8,0,0,0,0,0,0,0,0,0,0,0,0,0,0,0,0,0,0,0,0,0,0,0,0,0,0,11,19,0,0,0,0,0,0,0,0,0,0,0,0,0,0,0,0,0,0,0,0,0,0,0,0,0,12,21,0,0,0,0,0,0,0,0,0,0,0,0,0,0,0,0,0,0,0,0,0,0,0,0,0,0,0,0,0,0,0,0,0,0,0,0,0,0,0,0,10,0,0,0,6,0,0,0,0,0,0,0,0,0,0,0,0,0,0,0,0,0,0,0,0,0,0,0,0,0,0,0,0,0,0,0,0,0,0,0,0,0,0,0,0,0,0,7,0,0,0,0,0
"H4",2960,297,113,0,193,19,0,6,0,0,0,77,0,0,0,0,0,0,13,0,0,0,0,0,0,0,0,0,0,0,25,0,0,0,10,3,0,0,0,0,0,0,0,4,0,16,24,0,0,0,0,0,0,0,0,0,0,15,0,0,0,12,0,0,0,0,0,0,0,0,0,0,0,0,0,0,0,0,0,0,0,0,9,0,24,0,0,0,0,0,0,41,0,0,0,0,0,0,0,0,0,0,0,0,0,20,0,0,0,0,0,0,0,14,20,0,0,0,45,0,0,0,0,0,0,0,0,0,0,0,0,0,0,0,0,0,0,0,0,0,0,0,0,0,0,0,0,0,0,0,0,0,0,0,0,0,0,0,0,0,0,0,0,0,0,0,21,0,0,0,0,0,0,0,0,0,0,0,0,0,0,0,0,0,0,0,0,0,0,0,0,0,0,0,0,0,0,0,0,0,0,0,0,0,0,0,0,0,0,0,0,0,0,0,0,0,0,0,0,0,0,0,0
"H5",1360,179,0,0,266,64,180,43,0,5,0,86,41,0,0,28,108,18,7,0,0,0,0,0,0,0,0,0,0,46,0,0,0,0,0,0,0,0,0,0,0,0,0,0,0,0,5,23,0,0,0,0,0,0,0,0,0,0,0,0,0,25,0,0,0,0,0,0,0,0,0,0,0,0,0,0,0,0,0,9,0,0,0,0,0,0,0,0,0,0,0,0,0,0,0,0,0,0,0,0,0,0,0,0,0,0,0,0,0,0,0,0,0,0,0,0,0,0,0,0,0,0,0,0,0,0,0,0,0,0,0,0,0,0,0,0,0,0,0,0,0,0,0,0,0,0,0,0,0,0,0,0,0,0,0,0,0,0,0,0,0,0,0,0,0,0,0,0,3,0,0,0,0,0,0,0,6,0,0,0,0,0,0,0,0,0,0,0,0,0,0,0,0,0,0,0,0,0,0,0,0,0,0,0,0,0,0,0,0,0,0,0,0,0,0,0,0,4,0,0,0,0,0
"H6",3154,2902,0,0,241,0,27,176,34,283,0,48,153,0,36,0,28,48,28,0,0,0,67,0,0,32,0,0,0,0,0,0,0,0,39,0,0,0,0,0,28,0,0,0,77,19,0,0,0,0,0,0,0,0,0,0,0,0,0,0,0,18,7,0,0,0,0,0,0,0,0,0,0,0,14,0,6,0,0,0,0,0,0,0,0,0,0,0,0,0,0,95,0,0,0,0,0,0,0,0,0,0,0,0,0,0,0,0,0,0,0,0,0,0,0,0,22,0,0,0,0,0,0,0,0,0,0,0,0,15,0,0,0,0,0,0,0,0,0,0,0,0,0,0,0,0,24,0,0,0,0,0,0,0,0,0,0,0,0,0,0,0,0,0,0,0,0,0,0,0,0,0,0,0,0,0,0,0,0,16,0,0,0,0,0,0,0,0,0,0,0,0,0,0,0,0,0,58,0,0,0,0,0,0,0,0,0,0,0,0,0,0,0,0,0,0,0,0,0,0,0,0,0
"H7",2968,0,0,0,258,51,38,198,82,0,0,124,0,0,0,0,12,0,40,0,0,0,10,0,0,0,0,0,0,0,23,0,0,0,0,0,0,0,0,0,0,0,0,0,29,0,0,5,0,0,0,0,0,0,0,0,0,29,0,0,0,8,0,0,0,0,0,0,0,0,0,0,0,0,0,0,0,0,17,0,0,0,0,0,0,0,0,0,0,0,0,0,0,0,0,0,0,0,0,0,0,0,0,0,0,0,0,0,0,0,0,10,0,0,0,0,0,0,0,0,0,30,0,0,0,0,0,0,0,0,11,0,0,0,0,0,0,0,0,0,0,0,0,0,0,0,0,0,0,0,0,0,0,0,38,0,0,0,0,0,0,0,0,0,0,0,0,0,0,0,0,102,0,90,0,0,0,0,0,0,0,0,0,0,0,0,0,0,0,0,0,0,0,0,0,0,0,0,0,0,0,0,0,0,0,0,0,48,0,0,0,0,0,0,0,0,0,0,0,0,0,0,0
"H8",4785,37,0,0,402,0,0,50,74,0,0,131,0,0,0,0,71,24,64,0,0,0,41,0,0,74,0,0,0,0,28,57,0,0,29,0,0,0,148,50,0,0,0,23,0,0,0,0,0,0,0,0,0,0,0,0,0,32,0,0,0,0,0,0,0,0,0,0,0,38,0,0,0,0,0,0,0,0,0,0,0,0,0,0,0,27,0,0,0,0,0,0,0,0,34,0,0,0,0,0,0,0,0,0,0,0,0,0,0,0,0,0,40,0,0,0,0,0,0,0,0,0,0,0,0,0,0,0,0,18,0,0,0,0,0,0,0,0,0,0,0,0,0,0,0,0,0,0,0,0,0,0,0,0,0,0,0,0,0,0,0,0,0,0,0,0,0,0,0,0,0,0,0,0,0,0,0,0,0,0,0,12,0,0,0,0,0,0,0,7,0,0,0,0,0,0,0,0,0,0,0,0,0,0,31,0,0,0,0,0,0,0,0,0,0,0,0,0,0,0,0,0,0
"H9",4793,2856,12,30,86,207,0,0,46,4,9,112,5,0,2,30,32,0,32,0,0,0,25,0,0,0,59,0,0,77,0,0,0,0,0,0,0,0,0,50,18,0,0,0,0,0,0,0,0,0,0,0,0,0,0,0,0,0,0,0,39,0,17,0,0,0,0,0,0,0,0,0,0,0,0,0,0,0,0,0,0,0,0,0,35,0,0,0,11,0,0,0,0,0,0,0,0,0,0,0,0,0,0,0,0,0,0,0,0,0,0,0,0,0,0,0,0,0,0,0,0,0,0,0,0,0,0,0,0,0,0,0,0,0,0,0,0,0,0,0,0,0,0,0,0,0,0,0,0,0,0,31,0,0,0,0,0,0,0,0,0,0,0,0,0,0,0,0,0,0,0,0,0,0,0,0,10,0,0,0,0,0,0,0,0,0,0,0,0,0,13,0,0,0,0,0,0,0,0,0,0,14,0,0,0,0,0,0,0,0,0,0,0,0,0,0,0,0,17,0,0,0,0
