X,A1,A3,A1gf,760006_A,A1ee,3804_A,70045_A,3283_A,A1gc,3528_A,A1du,A1g,364485_A,922_A,1767146_A,72388_A,969_A,1438_A,73416_A,7561_A,33881_A,A3w,76466_A,363131_A,3177_A,6772_A,9434_A,2058_A,B1,C3ae,C3f,C3bj,C3,C3p,C3g,C3k,55_C,C3ch,C21,152_C,C3gj,C3in,C21.12,38_C,48_C,C3io,53_C,236_C,44_C,925363_C,62_C,C3il,C3im,C3.10,C3gl,47_C,C3hv,181_C,397_C,C3fj,54_C,240_C,C3.11,33161_C,33162_C,169_C,56_C,66_C,140_C,69_C,63351_C,76_C,C3b,C3cp,C3.9,65_C,884538_C,33164_C,70_C,891932_C,237_C,39_C,1778091_C,33171_C,C116,33163_C,C3h,418_C,46445_C,42_C,33180_C,1778086_C,756765_C,C3fv,241_C,51_C,288_C,243_C,34_C,46449_C,32995_C,1500390_C,920736_C,64_C,75_C,744202_C,144_C,67_C,238_C,61_C,1778090_C,931204_C,68_C,915532_C,1004567_C,45_C,174_C,1778087_C,178_C,C116i,1778089_C,399_C,401_C,1778085_C,744126_C,1778093_C,1778095_C,915536_C,1778082_C,49_C,1778094_C,1778083_C,918332_C,924760_C,915370_C,33097_C,1778088_C,290_C,1500999_C,1778097_C,50_C,921509_C,928011_C,917448_C,1778096_C,1501479_C,293_C,1778084_C,33179_C,917792_C,32946_C,921522_C,1778092_C,917067_C,1768442_C,747180_C,471_C
308,0,0,0,0,0,0,0,0,0,0,0,0,0,0,0,0,0,0,0,0,0,0,0,0,0,0,0,0,0,1670,94,227,128,128,0,59,28,10,16,11,11,0,14,10,0,0,30,0,0,0,23,0,0,0,0,0,0,11,0,0,0,10,0,17,0,0,0,0,0,0,0,0,0,0,0,0,0,0,0,0,0,0,0,0,0,11,0,0,0,0,0,0,0,0,0,0,0,0,0,0,0,0,0,0,0,0,0,0,0,0,0,0,0,0,0,0,0,0,0,0,0,0,0,0,0,0,0,0,0,0,0,0,0,0,0,0,0,0,0,0,0,0,0,0,0,0,0,0,0,0,0,0,0,0,0,0,0
300,0,0,0,0,0,0,0,0,0,0,0,0,0,0,0,0,0,0,0,0,0,0,0,0,0,0,0,0,0,3363,161,516,232,190,0,156,77,0,53,54,0,0,0,0,0,0,46,0,0,0,47,0,0,0,0,0,0,0,0,0,0,0,0,33,40,0,0,0,0,40,0,0,0,0,0,0,0,20,0,0,0,0,0,0,0,0,0,0,0,0,0,0,0,0,0,0,0,0,0,0,0,0,0,0,0,0,0,0,0,0,0,0,0,0,0,0,0,0,0,0,0,0,0,0,0,0,0,0,0,0,0,0,0,0,0,0,0,0,0,0,0,0,0,0,0,0,0,0,0,0,0,0,0,0,0,0,0
97,0,0,0,0,0,0,0,0,0,0,0,0,0,0,0,0,0,0,0,0,0,0,0,0,0,0,0,0,0,1925,101,262,130,112,0,59,41,0,18,31,0,0,0,0,0,0,21,0,0,0,19,0,0,0,0,0,0,14,0,0,0,0,0,24,17,0,0,0,0,12,0,0,0,0,0,0,0,11,0,11,0,0,0,0,0,0,0,0,0,0,11,0,0,0,0,0,0,0,0,0,0,0,0,0,0,0,0,0,0,0,0,0,0,0,0,0,0,0,0,0,0,0,0,0,0,0,0,0,0,0,0,0,0,0,0,0,0,0,0,0,0,0,0,0,0,0,0,0,0,0,0,0,0,0,0,0,0
172,0,0,0,0,0,0,0,0,0,0,0,0,0,0,0,0,0,0,0,0,0,0,0,0,0,0,0,0,0,4236,238,545,233,268,0,131,105,0,42,68,0,0,35,37,26,0,49,0,0,0,51,0,0,0,0,0,0,0,0,0,0,0,0,47,52,0,0,0,0,31,0,0,0,0,0,0,0,0,0,0,0,0,0,0,0,0,0,0,0,0,0,0,0,0,0,0,0,0,0,0,0,0,0,0,0,0,0,0,0,0,0,0,0,0,0,0,0,0,0,0,0,0,0,0,0,0,0,0,0,0,0,0,0,0,0,0,0,0,0,0,0,0,0,0,0,0,0,0,0,0,0,0,0,0,0,0,0
627,0,0,0,0,0,0,0,0,0,0,0,0,0,0,0,0,0,0,0,0,0,0,0,0,0,0,0,0,0,5225,455,800,252,383,0,266,132,0,70,76,0,0,0,34,47,0,58,0,0,0,86,0,0,0,0,0,0,0,0,0,0,0,0,67,0,0,0,0,0,47,0,0,0,0,0,0,0,47,0,0,0,0,0,40,0,42,0,0,0,0,0,0,0,0,0,0,0,0,0,0,0,0,0,0,0,0,0,0,0,0,0,0,0,0,0,0,0,0,0,0,0,0,0,0,0,0,0,0,0,0,0,0,0,0,0,0,0,0,0,0,0,0,0,0,0,0,0,0,0,0,0,0,0,0,0,0,0
96,0,0,0,0,0,0,0,0,0,0,0,0,0,0,0,0,0,0,0,0,0,0,0,0,0,0,0,0,0,2059,73,301,135,110,0,72,42,0,22,29,26,0,13,15,12,0,28,0,0,0,0,0,0,20,0,0,0,0,0,13,21,0,0,0,23,0,0,0,0,0,0,0,0,0,0,0,0,0,0,0,0,0,0,18,0,0,0,0,0,0,0,0,0,0,0,0,0,0,0,0,0,0,0,0,0,0,0,0,0,0,0,0,0,0,0,0,0,0,0,0,0,0,0,0,0,0,0,0,0,0,0,0,0,0,0,0,0,0,0,0,0,0,0,0,0,0,0,0,0,0,0,0,0,0,0,0,0
630,0,0,0,0,0,0,0,0,0,0,0,0,0,0,0,0,0,0,0,0,0,0,0,0,0,0,0,0,0,2906,323,534,208,153,0,124,69,0,35,66,26,0,28,25,19,0,32,0,0,0,35,0,0,0,0,0,0,20,0,0,0,0,0,0,28,0,0,0,0,38,0,0,0,19,0,0,0,0,0,0,0,0,0,0,0,0,0,0,0,0,0,0,0,0,0,0,0,0,0,0,0,0,0,0,0,0,0,0,0,0,0,0,0,0,0,0,0,0,0,0,0,0,0,0,0,0,0,0,0,0,0,0,0,0,0,0,0,0,0,0,0,0,0,0,0,0,0,0,0,0,0,0,0,0,0,0,0
600,12,0,0,0,0,0,0,0,0,0,0,0,0,0,0,0,0,0,0,0,0,0,0,0,0,0,0,0,0,5838,579,1230,555,338,0,265,127,0,80,91,72,0,69,62,0,0,54,0,0,0,102,0,0,0,0,0,0,0,0,0,0,0,0,63,80,0,0,0,0,51,0,0,0,0,0,0,0,0,0,0,0,0,0,41,0,44,0,0,0,0,0,0,0,0,0,0,0,0,0,0,0,0,0,0,0,0,0,0,0,0,0,0,0,0,0,0,0,0,0,0,0,0,0,0,0,0,0,0,0,0,0,0,0,0,0,0,0,0,0,0,0,0,0,0,0,0,0,0,0,0,0,0,0,0,0,0,0
62,0,0,0,0,0,0,0,0,0,0,0,0,0,0,0,0,0,0,0,0,0,0,0,0,0,0,0,0,0,2043,147,330,157,136,0,67,37,0,33,51,0,0,0,0,0,0,17,0,0,0,0,0,0,13,21,0,0,0,0,0,0,14,0,30,24,0,17,0,0,15,13,0,0,0,0,0,0,0,0,0,0,0,0,13,0,0,0,0,0,0,14,0,0,0,0,0,0,0,0,0,0,0,0,0,0,0,0,0,0,0,0,0,0,0,0,0,0,0,0,0,0,0,0,0,0,0,0,0,0,0,0,0,0,0,0,0,0,0,0,0,0,0,0,0,0,0,0,0,0,0,0,0,0,0,0,0,0
310,0,0,0,0,0,0,0,0,0,0,0,0,0,0,0,0,0,0,0,0,0,0,0,0,0,0,0,0,0,2552,194,444,114,143,0,120,44,0,26,45,23,0,0,24,0,0,35,0,0,0,41,0,0,0,0,0,0,0,0,0,0,0,0,32,22,0,0,0,0,44,0,0,0,0,0,0,0,18,0,0,0,0,0,0,0,0,0,0,17,0,0,0,0,0,0,0,0,0,0,0,0,0,0,0,0,0,0,0,0,0,0,0,0,0,0,0,0,0,0,0,0,17,0,0,0,0,0,0,0,0,0,0,0,0,0,0,0,0,0,0,0,0,0,0,0,0,0,0,0,0,0,0,0,0,0,0,0
377,0,0,0,0,0,0,0,0,0,0,0,0,0,0,0,0,0,0,0,0,0,0,0,0,0,0,0,0,0,2459,181,424,201,133,0,98,45,0,24,60,43,0,26,0,0,0,18,0,0,0,36,0,0,0,0,0,0,0,0,0,0,0,0,33,32,0,0,0,0,26,0,0,26,0,16,0,0,0,0,0,0,0,0,0,0,0,0,0,0,0,0,0,0,0,0,0,0,0,0,0,0,0,0,0,0,0,0,0,0,0,0,0,0,0,0,0,0,0,0,0,0,0,0,0,0,0,0,0,0,0,0,0,0,0,0,0,0,0,0,0,0,0,0,0,0,0,0,0,0,0,0,0,0,0,0,0,0
51,0,0,0,0,0,0,0,0,0,0,0,0,0,0,0,0,0,0,0,0,0,0,0,0,0,0,0,0,0,4548,331,792,368,238,0,167,91,0,58,108,50,0,41,34,0,0,63,0,0,0,60,0,0,0,0,0,0,0,0,0,0,0,0,71,51,0,0,0,0,31,0,0,0,0,0,0,0,33,0,0,0,0,0,0,0,0,0,0,0,0,32,0,0,0,0,0,0,0,0,0,0,0,0,0,0,0,0,0,0,0,0,0,0,0,0,0,0,0,0,0,0,0,0,0,0,0,0,0,0,0,0,0,0,0,0,0,0,0,0,0,0,0,0,0,0,0,0,0,0,0,0,0,0,0,0,0,0
72,0,0,0,0,0,0,0,0,0,0,0,0,0,0,0,0,0,0,0,0,0,0,0,0,0,0,0,0,0,796,71,134,58,43,0,24,18,0,7,15,5,0,6,0,0,0,11,0,0,0,0,0,0,7,0,0,0,7,0,5,0,0,0,20,9,0,0,0,0,5,0,0,0,0,0,0,0,7,0,0,0,0,0,8,0,0,0,0,0,0,0,0,0,0,0,0,0,0,0,0,0,0,0,0,0,0,0,0,0,0,0,0,0,0,0,0,0,0,0,0,0,0,0,0,0,0,0,0,0,0,0,0,0,0,0,0,0,0,0,0,0,0,0,0,0,0,0,0,0,0,0,0,0,0,0,0,0
316,0,0,0,0,0,0,0,0,0,0,0,0,0,0,0,0,0,0,0,0,0,0,0,0,0,0,0,0,0,3237,227,518,200,163,0,165,59,0,32,64,34,0,41,26,0,0,46,0,0,0,59,0,0,0,0,0,0,0,0,0,0,0,0,49,51,0,0,0,0,30,0,0,0,0,0,0,0,30,0,0,0,0,0,27,0,0,0,0,0,0,0,0,0,0,0,0,0,0,0,0,0,0,0,0,0,0,0,0,0,0,0,0,0,0,0,0,0,0,0,0,0,0,0,0,0,0,0,0,0,0,0,0,0,0,0,0,0,0,0,0,0,0,0,0,0,0,0,0,0,0,0,0,0,0,0,0,0
304,0,0,0,0,0,0,0,0,0,0,0,0,0,0,0,0,0,0,0,0,0,0,0,0,0,0,0,0,4,2326,226,467,217,122,0,135,60,20,36,42,44,0,37,16,0,0,37,0,0,0,0,0,0,0,0,0,0,0,0,0,0,16,0,31,30,0,16,0,0,19,16,0,0,0,0,0,0,16,0,0,0,0,0,24,0,21,0,0,0,0,0,0,0,0,0,0,0,0,0,0,0,0,0,0,0,0,0,0,0,0,0,0,0,0,0,0,0,0,0,0,0,0,0,0,0,0,0,0,0,0,0,0,0,0,0,0,0,0,0,0,0,0,0,0,0,0,0,0,0,0,0,0,0,0,0,0,0
301,0,0,0,0,0,0,0,0,0,0,0,0,0,0,0,0,0,0,0,0,0,0,0,0,0,0,0,0,0,1643,150,305,165,114,0,70,36,0,27,41,19,0,22,12,0,0,27,0,0,0,26,0,0,19,11,0,0,13,0,0,0,0,0,15,0,0,11,0,0,0,13,0,0,13,0,0,0,0,12,0,0,0,0,0,0,12,0,0,11,0,0,0,0,0,0,0,0,0,0,0,0,0,0,0,0,0,0,0,0,0,0,0,0,0,0,0,0,0,0,0,0,0,0,0,0,0,0,0,0,0,0,0,0,0,0,0,0,0,0,0,0,0,0,0,0,0,0,0,0,0,0,0,0,0,0,0,0
63,0,0,0,0,0,0,0,0,0,0,0,0,0,0,0,0,0,0,0,0,0,0,0,0,0,0,0,0,0,2537,249,549,269,147,0,136,68,0,37,56,36,0,25,30,0,0,50,0,0,0,37,0,0,0,0,0,19,0,0,0,0,0,19,34,28,0,0,0,0,19,0,0,41,0,0,0,0,20,0,0,0,0,0,0,0,29,0,0,0,0,23,0,0,0,0,0,0,0,0,0,0,0,0,0,0,0,0,0,0,0,0,0,0,0,0,0,0,0,0,0,0,0,0,0,0,0,0,0,0,0,0,0,0,0,0,0,0,0,0,0,0,0,0,0,0,0,0,0,0,0,0,0,0,0,0,0,0
305,0,0,0,0,0,0,0,0,0,0,0,0,0,0,0,0,0,0,0,0,0,0,0,0,0,0,0,0,0,1268,103,219,106,72,0,65,32,0,20,22,11,0,15,16,0,0,17,0,0,0,0,0,0,0,9,0,9,0,0,0,8,10,0,0,16,0,9,9,0,0,0,13,8,10,9,0,0,10,0,0,0,0,0,13,0,8,0,0,0,0,0,0,0,0,0,0,0,0,0,0,0,0,0,0,0,0,0,0,0,0,0,0,0,0,0,0,0,0,0,0,0,0,0,0,0,0,0,0,0,0,0,0,0,0,0,0,0,0,0,0,0,0,0,0,0,0,0,0,0,0,0,0,0,0,0,0,0
55,0,0,0,0,0,0,0,0,0,0,0,0,0,0,0,0,0,0,0,0,0,0,0,0,0,0,0,0,4,4109,255,592,506,172,0,161,86,0,82,73,81,0,48,0,0,0,62,0,0,0,68,0,0,0,0,0,27,0,0,0,0,0,0,34,43,0,0,37,0,0,33,0,49,0,28,0,0,50,0,0,0,0,0,39,0,33,0,0,0,0,0,0,0,0,0,0,0,0,0,0,0,0,0,0,0,0,0,0,0,0,0,0,0,0,0,0,0,0,0,0,0,0,0,0,0,0,0,0,0,0,0,0,0,0,0,0,0,0,0,0,0,0,0,0,0,0,0,0,0,0,0,0,0,0,0,0,0
378,0,0,0,0,0,0,0,0,0,0,0,0,0,0,0,0,0,0,0,0,0,0,0,0,0,0,0,0,0,1239,172,205,77,63,0,60,21,0,11,22,12,0,21,8,0,0,9,0,0,0,14,0,0,0,0,0,0,0,0,0,0,10,8,18,13,10,0,0,11,16,0,8,0,0,0,0,0,14,0,0,0,0,0,0,0,0,0,0,14,0,8,0,0,0,0,0,0,0,0,0,0,0,0,0,0,0,0,0,0,0,0,0,0,11,0,0,0,0,0,0,0,0,0,0,0,0,0,16,0,0,0,0,0,0,0,0,0,0,0,0,0,0,0,0,0,0,0,0,0,0,0,0,0,0,0,0,0
626,0,0,0,0,0,0,0,0,0,0,0,0,0,0,0,0,0,0,0,0,0,0,0,0,0,0,0,0,0,2727,239,459,249,140,33,100,61,0,40,72,41,0,27,25,0,69,34,51,22,0,0,0,0,25,22,0,0,0,0,0,0,0,0,20,0,0,0,0,0,19,0,0,0,0,0,20,0,0,0,0,0,38,0,0,0,0,0,0,0,0,0,0,0,0,0,0,0,0,0,0,0,0,0,0,0,0,0,0,0,0,0,0,0,0,0,0,0,0,0,0,0,0,0,0,0,0,0,0,0,0,0,0,0,0,0,0,0,0,0,0,0,0,0,0,0,0,0,0,0,0,0,0,0,0,0,0,0
89,18,0,0,0,0,0,0,0,0,0,0,0,0,0,0,0,0,0,0,0,0,0,0,0,0,0,0,0,0,1238,84,217,140,75,0,56,37,0,23,27,12,0,14,15,0,0,22,0,0,0,22,0,0,8,0,0,0,12,0,0,8,11,10,0,23,0,0,0,0,0,0,0,8,11,8,8,0,0,0,0,0,0,0,0,0,0,0,0,0,0,0,0,0,0,0,0,0,0,0,0,0,0,0,0,0,0,0,0,0,0,0,0,0,0,0,0,0,0,0,0,0,0,0,0,0,0,0,0,0,0,0,0,0,0,0,0,0,0,0,0,0,0,0,0,0,0,0,0,0,0,0,0,0,0,0,0,0
633,0,0,0,0,0,0,0,0,0,0,0,0,0,0,0,0,0,0,0,0,0,0,0,0,0,0,0,0,0,1458,138,231,103,82,0,58,38,0,23,23,15,0,15,14,10,0,25,0,0,0,24,0,0,14,13,0,0,10,0,12,0,0,0,22,21,0,0,10,0,11,0,12,0,10,0,0,0,0,0,0,0,0,0,0,0,11,0,0,10,0,0,0,0,0,0,0,0,0,0,0,0,0,0,0,0,0,0,0,0,0,0,0,0,0,0,0,0,0,0,0,0,0,0,0,0,0,0,0,0,0,0,0,0,0,0,0,0,0,0,0,0,0,0,0,0,0,0,0,0,0,0,0,0,0,0,0,0
307,0,0,0,0,0,0,0,0,0,0,0,0,0,0,0,0,0,0,0,0,0,0,0,0,0,0,0,0,0,1127,107,156,112,55,0,51,23,30,12,29,13,0,20,18,0,0,20,0,0,0,16,0,0,0,0,0,0,0,0,0,0,0,7,0,11,0,7,8,0,0,0,0,0,0,10,8,7,12,0,0,0,0,9,0,0,0,0,0,0,0,0,0,0,11,0,0,0,0,0,0,0,0,0,0,0,0,0,0,0,0,0,0,0,0,0,0,0,0,0,0,0,0,0,0,0,0,0,0,0,0,0,0,0,0,0,0,0,0,0,0,0,0,0,0,0,0,0,0,0,0,0,0,0,0,0,0,0
101,0,0,0,0,0,0,0,0,0,0,0,0,0,0,0,0,0,0,0,0,0,0,0,0,0,0,0,0,0,2051,174,387,232,121,0,94,52,0,41,53,47,0,35,30,16,0,34,0,0,0,0,0,0,0,18,0,0,0,0,17,19,0,19,23,30,0,0,0,0,0,0,22,0,0,16,19,0,0,0,0,0,0,0,15,0,0,0,0,0,0,0,0,0,0,0,0,0,0,0,0,0,0,0,0,0,0,0,0,0,0,0,0,0,0,0,0,0,0,0,0,0,0,0,0,0,0,0,0,0,0,0,0,0,19,0,0,0,0,0,0,0,0,0,0,0,0,0,0,0,0,0,0,0,0,0,0,0
614,0,0,0,0,0,0,0,0,0,0,0,0,0,0,0,0,0,0,0,0,0,0,0,0,0,0,0,0,0,3176,619,571,244,203,0,133,123,50,57,63,60,0,24,60,51,0,49,0,45,0,0,0,0,33,0,37,42,0,0,34,0,0,28,0,0,46,0,0,0,0,27,0,0,0,0,0,0,0,0,0,0,0,0,0,0,0,0,0,0,0,0,0,0,0,0,0,0,0,0,0,0,0,0,0,0,0,0,0,0,0,0,0,0,0,0,0,0,0,0,0,0,0,0,0,0,0,0,0,0,0,0,0,0,0,0,0,0,0,0,0,0,0,25,0,0,0,0,0,0,0,0,0,0,0,0,0,0
65,0,0,0,0,0,0,0,0,0,0,0,0,0,0,0,0,0,0,0,0,0,0,0,0,0,0,0,0,0,1500,144,307,169,67,0,71,30,0,38,28,18,0,25,0,0,0,41,0,0,0,29,0,0,14,0,0,19,14,0,0,0,0,0,23,16,0,0,12,0,0,0,17,0,13,0,0,0,19,12,0,0,0,0,18,0,0,0,0,14,0,0,0,0,0,0,0,0,0,0,0,0,0,0,0,0,0,0,0,0,0,0,0,0,0,0,0,0,0,0,0,0,0,0,0,0,0,0,0,0,0,0,0,0,0,0,0,0,0,0,0,0,0,0,0,0,0,0,0,0,0,0,0,0,0,0,0,0
157,0,0,0,0,0,0,0,0,0,0,0,0,0,0,0,0,0,0,0,0,0,0,0,0,0,0,0,0,0,845,116,139,62,48,0,29,21,0,21,27,16,0,0,10,0,0,13,0,0,0,11,0,0,9,0,0,0,7,0,7,11,0,0,16,13,0,0,9,0,9,0,0,0,0,0,0,6,0,0,0,0,0,0,0,0,0,0,0,0,0,0,0,0,0,0,0,0,0,0,0,0,0,0,0,0,0,0,0,0,0,0,0,0,0,0,0,0,0,8,0,0,0,0,0,0,0,0,0,0,0,0,0,8,0,0,0,0,0,0,0,0,0,0,0,0,0,0,0,0,0,0,0,0,0,0,0,0
276,0,0,0,0,0,0,0,0,0,0,0,0,0,0,0,0,0,0,0,0,0,0,0,0,0,0,0,0,0,1093,111,176,122,73,0,45,34,0,19,26,17,0,18,0,0,0,17,0,0,0,28,0,0,0,9,0,0,12,0,15,8,8,11,19,17,0,0,0,0,0,0,0,9,0,8,7,10,8,0,0,0,0,0,0,0,0,0,0,0,0,0,0,0,0,0,0,0,0,0,0,0,0,0,0,0,0,0,0,0,0,0,0,0,0,0,0,0,0,0,0,0,10,0,0,0,0,0,0,0,0,0,0,0,0,0,0,0,0,0,0,0,0,0,0,0,0,0,0,0,0,7,0,0,0,0,0,0
315,0,0,0,0,0,0,0,0,0,0,0,0,0,0,0,0,0,0,0,0,0,0,0,0,0,0,0,0,0,858,96,149,72,53,0,34,19,0,16,34,15,0,6,0,11,0,9,0,0,0,22,0,0,10,0,0,10,11,0,7,11,9,7,7,10,0,11,12,0,6,0,7,0,7,0,0,8,9,0,0,0,0,0,0,0,0,0,0,0,0,0,0,0,0,0,0,0,0,0,0,0,0,0,0,0,0,0,0,0,0,0,0,0,0,0,0,0,0,0,0,0,0,0,0,0,0,0,0,0,0,0,0,0,0,0,0,0,0,0,0,0,0,0,0,0,0,0,0,0,0,0,0,0,0,0,0,0
158,0,0,0,0,0,0,0,0,0,0,0,0,0,0,0,0,0,0,0,0,0,0,0,0,0,0,0,0,0,1501,433,303,166,193,0,67,54,67,47,32,42,0,43,23,30,0,0,0,39,0,0,0,0,16,14,15,14,0,0,0,0,20,0,0,0,18,0,28,17,0,13,15,23,23,21,14,0,0,24,15,0,0,0,0,0,0,0,0,0,0,0,0,0,0,0,0,0,0,0,0,0,0,0,0,0,0,0,0,0,0,0,0,0,0,0,0,0,0,0,0,0,0,0,0,0,0,0,0,0,0,0,0,0,0,0,0,0,0,0,0,0,0,0,0,0,0,0,0,0,0,0,0,0,0,0,0,0
117,0,0,0,0,0,0,0,0,0,0,0,0,0,0,0,0,0,0,0,0,0,0,0,0,0,0,0,0,0,427,190,100,48,64,0,21,12,19,9,22,7,0,9,14,28,0,8,0,12,0,0,0,0,6,5,0,4,6,0,5,0,5,5,0,0,7,5,4,0,0,0,8,10,4,6,4,0,0,6,5,0,0,0,0,0,0,0,0,0,0,0,0,0,0,0,4,0,0,0,0,0,0,0,0,0,0,0,0,0,0,0,0,0,0,0,0,0,0,0,0,0,0,0,0,0,0,0,0,0,0,0,0,0,0,0,0,0,0,0,0,0,5,0,0,0,0,0,0,0,0,0,0,0,0,0,0,0
632,0,0,0,0,0,0,0,0,0,0,0,0,0,0,0,0,0,0,0,0,0,0,0,0,0,0,0,0,0,1645,597,230,203,21,0,76,63,15,51,14,38,0,46,77,43,0,23,0,27,0,25,0,0,29,39,29,15,26,0,19,14,16,0,0,0,30,19,0,0,14,0,19,21,0,14,18,18,0,14,0,0,0,0,0,0,0,0,0,0,0,0,0,0,0,0,0,35,22,0,0,21,0,0,0,0,0,0,0,0,0,0,0,0,0,0,0,0,0,0,0,19,0,0,0,0,0,0,0,0,0,0,0,0,0,0,0,0,0,0,0,0,0,0,0,0,0,0,0,0,0,0,0,0,0,0,0,0
311,0,0,0,0,0,0,0,0,0,0,0,0,0,0,0,0,0,0,0,0,0,0,0,0,0,0,0,0,0,499,57,80,82,32,0,29,15,0,21,13,10,0,12,0,0,0,12,0,0,8,4,0,0,9,16,0,15,13,0,9,9,0,5,0,0,0,4,11,0,0,4,0,0,5,9,6,8,0,8,5,0,0,0,0,0,4,0,0,8,0,7,0,0,0,0,6,0,0,0,0,0,0,0,0,6,0,0,0,0,0,0,0,0,0,0,0,0,0,0,0,0,0,0,0,0,0,0,0,0,0,0,0,0,0,0,0,0,0,0,0,0,0,0,0,0,0,0,0,4,0,0,0,0,0,0,0,0
70,0,0,0,0,0,0,0,0,0,0,0,0,0,0,0,0,0,0,0,0,0,0,0,0,0,0,0,0,4,1391,320,416,360,190,0,37,62,0,72,58,57,0,69,36,30,0,0,0,18,0,0,0,0,32,23,0,37,23,0,36,0,27,19,0,0,0,23,21,23,0,0,28,55,25,21,42,0,0,28,27,0,0,0,0,0,0,0,0,0,0,0,0,0,15,0,0,0,0,0,0,0,0,0,0,0,0,0,0,0,0,52,0,0,0,0,0,0,0,0,0,0,0,0,0,0,0,0,0,0,0,0,0,0,0,0,0,0,0,0,0,0,0,0,0,0,0,0,0,0,0,0,0,0,0,0,0,0
98,557,0,33,0,24,13,0,7,7,0,0,0,0,0,5,0,0,0,0,0,0,0,0,0,0,0,0,0,0,790,43,73,32,34,0,23,25,0,14,7,8,0,13,5,0,0,8,0,0,0,0,0,0,0,5,0,0,0,0,4,0,0,5,7,10,0,0,7,0,0,5,0,0,7,0,0,0,7,0,6,0,0,0,8,0,5,0,0,0,0,0,0,0,5,0,0,0,0,0,0,0,0,0,0,5,0,0,0,0,0,0,0,0,0,0,0,0,0,8,0,0,0,0,0,0,0,0,0,0,0,0,0,0,0,0,0,0,0,0,0,0,0,0,0,0,0,0,0,0,0,0,0,0,6,0,0,0
177,1071,0,76,0,37,22,0,20,16,17,0,0,0,0,6,0,6,0,0,13,0,0,7,0,0,6,0,6,0,996,347,264,305,142,0,42,45,0,76,50,50,0,39,35,36,0,0,0,17,0,0,0,0,37,22,0,26,24,0,24,28,19,17,0,0,17,22,28,22,0,18,18,26,20,20,15,0,0,21,32,0,0,0,0,0,0,0,0,0,0,0,0,0,0,0,0,0,0,0,0,0,0,0,0,0,0,0,0,0,0,0,0,0,0,0,0,0,0,0,0,0,0,0,0,0,0,0,0,0,0,0,0,0,0,0,22,0,0,0,0,0,0,0,0,0,0,0,0,0,0,0,0,0,0,0,0,0
505,0,0,0,0,0,0,0,0,0,0,0,0,0,0,0,0,0,0,0,0,0,0,0,0,0,0,0,0,0,381,49,39,32,25,0,5,9,33,4,5,7,0,4,5,0,0,0,0,0,0,0,0,0,0,0,0,0,0,7,0,0,0,0,0,0,0,0,0,0,0,0,0,0,0,0,0,0,0,0,0,0,0,0,0,0,0,0,0,0,0,0,0,0,0,0,0,0,0,0,0,0,0,0,0,0,0,0,0,0,0,0,0,0,0,0,0,0,0,0,0,0,0,0,0,0,0,0,0,0,0,4,0,0,0,0,0,0,0,0,0,0,0,0,0,0,0,0,0,0,0,0,0,0,0,0,0,0
511,0,0,0,0,0,0,0,0,0,0,0,0,0,0,0,0,0,0,0,0,0,0,0,0,0,0,0,0,0,5273,505,452,648,369,0,123,123,390,104,66,104,0,47,48,58,0,0,0,0,0,39,0,0,46,0,0,46,0,120,0,0,0,0,0,0,36,0,0,0,0,0,0,0,0,0,0,0,0,0,0,0,0,0,0,0,0,0,0,0,0,0,0,0,0,0,0,0,0,0,0,0,53,0,0,0,45,0,0,0,0,0,0,0,0,0,0,0,0,0,0,0,0,0,0,0,0,0,0,0,0,0,0,0,0,0,0,0,0,0,0,0,0,0,0,0,0,0,0,0,0,0,0,0,0,0,0,0
73,0,0,0,0,0,0,0,0,0,0,0,0,0,0,0,0,0,0,0,0,0,0,0,0,0,0,0,0,0,4055,558,597,411,388,0,123,118,389,107,76,63,0,46,48,57,0,0,0,39,0,51,0,0,0,0,0,0,0,68,0,0,0,0,0,0,40,39,0,0,0,0,0,0,38,0,0,0,0,0,0,0,0,0,0,0,0,0,0,0,0,0,0,0,0,0,0,0,0,0,0,0,0,0,0,0,0,0,0,0,0,0,0,0,0,0,0,0,0,0,0,0,0,36,0,0,0,0,0,0,0,0,0,0,0,0,0,0,0,0,0,0,0,0,0,0,0,0,0,0,0,0,0,0,0,0,0,0
607,0,0,0,0,0,0,0,0,0,0,0,0,0,0,0,0,0,0,0,0,0,0,0,0,0,0,0,0,0,3941,469,446,369,311,0,115,104,238,47,49,52,0,38,44,60,0,36,0,38,0,56,0,0,0,0,0,30,0,78,0,53,0,0,0,0,0,0,0,0,0,0,0,0,0,0,0,0,0,0,0,0,0,46,0,0,0,0,0,0,0,0,0,38,0,0,0,0,0,0,0,0,0,0,0,0,0,0,0,0,0,0,0,0,0,0,0,0,0,0,0,0,0,0,0,0,0,0,0,0,0,0,0,0,0,0,0,0,0,0,0,0,0,0,0,0,0,0,0,0,0,0,0,0,0,0,0,0
619,0,0,0,0,0,0,0,0,0,0,0,0,0,0,0,0,0,0,0,0,0,0,0,0,0,0,0,0,0,1993,320,208,208,204,0,26,84,154,46,0,41,0,20,26,52,0,0,0,0,0,0,0,0,0,0,19,0,0,80,17,0,0,0,0,0,24,0,0,0,0,0,0,0,0,18,0,0,0,0,0,0,0,0,0,0,0,0,0,0,0,0,0,0,0,0,0,0,0,0,0,0,0,0,0,0,0,0,0,0,0,0,21,0,0,0,0,0,0,0,0,0,0,0,0,0,0,0,0,0,0,0,0,0,0,0,0,0,0,0,0,0,0,0,0,0,0,0,0,0,0,0,0,0,0,0,0,0
180,0,0,0,0,0,0,0,0,0,0,0,0,0,0,0,0,0,0,0,0,0,0,0,0,0,0,0,0,0,2288,440,397,218,303,0,63,82,210,47,68,40,0,0,55,69,0,0,0,31,0,0,0,0,25,0,0,18,0,0,21,0,0,0,0,0,35,0,0,0,39,0,0,0,0,0,18,0,0,0,21,0,0,0,0,0,0,0,0,0,0,0,0,0,0,0,0,0,0,0,0,0,0,0,0,0,0,0,0,0,0,0,0,0,0,0,0,0,0,0,0,0,0,0,0,0,0,0,0,0,0,0,0,0,0,0,0,0,0,0,0,0,0,0,0,0,0,0,0,0,0,0,0,0,0,0,0,0
297,0,0,0,0,0,0,0,0,0,0,0,0,0,0,0,0,0,0,0,0,0,0,0,0,0,0,0,0,0,1835,161,192,96,164,0,47,34,116,36,37,26,0,18,19,32,0,0,0,18,0,12,0,0,12,0,0,0,0,32,0,0,12,0,0,0,13,0,12,0,18,0,0,0,0,0,0,0,0,0,0,0,0,40,0,0,0,0,0,0,0,0,0,17,0,0,0,0,0,0,0,0,0,0,0,0,0,0,0,0,0,0,0,0,0,0,0,0,0,0,0,0,0,0,0,0,0,0,0,0,0,0,0,0,0,0,0,0,0,0,0,0,0,0,0,0,0,0,0,0,0,0,0,0,0,0,0,0
173,0,0,0,0,0,0,0,0,0,0,0,0,0,0,0,0,0,0,0,0,0,0,0,0,0,0,0,0,0,1778,233,236,142,142,0,70,75,168,24,36,31,0,14,25,33,0,0,0,15,0,0,0,0,0,0,16,0,0,25,13,0,16,0,0,0,18,0,0,0,0,0,0,0,0,16,0,0,0,0,0,0,0,0,0,0,0,0,0,0,0,0,0,0,0,0,0,0,0,0,0,0,18,0,0,0,0,0,0,0,0,0,0,0,0,0,0,0,0,0,0,0,0,14,0,0,0,0,0,0,0,0,0,0,0,0,0,0,0,0,0,0,0,0,0,0,0,0,0,0,0,0,0,0,0,0,0,0
617,0,0,0,0,0,0,0,0,0,0,0,0,0,0,0,0,0,0,0,0,0,0,0,0,0,0,0,0,0,2286,359,203,195,181,0,0,82,194,50,18,16,0,48,47,48,0,0,0,17,0,0,0,0,22,0,28,0,20,99,0,0,24,0,0,0,35,0,0,0,0,0,0,0,0,17,0,0,0,0,0,0,0,0,0,0,0,0,0,0,0,0,0,0,0,0,0,0,0,0,0,0,0,0,0,0,0,0,0,0,0,0,32,0,0,0,0,0,0,0,0,0,0,0,0,0,0,0,0,0,0,0,0,0,0,0,0,0,0,0,0,0,0,0,0,0,0,16,0,0,0,0,0,0,0,0,0,0
130,0,0,0,0,0,0,0,0,0,0,0,0,0,0,0,0,0,0,0,0,0,0,0,0,0,0,0,0,0,2717,603,515,307,375,0,98,121,107,52,75,58,0,51,41,72,0,0,0,46,0,0,0,0,23,0,0,26,0,0,23,0,23,0,0,0,43,26,28,0,0,34,0,0,0,0,23,0,0,0,0,0,0,0,0,0,0,0,0,0,0,0,0,0,0,0,0,0,0,0,0,0,0,0,0,0,0,0,0,0,0,0,0,0,0,0,0,0,0,0,0,0,0,0,0,0,0,0,0,0,0,0,0,0,0,0,0,0,0,0,0,0,0,0,0,0,0,0,0,0,0,0,0,0,0,0,0,0
394,0,0,0,0,0,0,0,0,0,0,0,0,0,0,0,0,0,0,0,0,0,0,0,0,0,0,0,0,0,997,236,252,102,32,0,51,47,240,27,26,17,0,22,13,18,0,13,0,20,0,0,0,0,0,0,13,20,0,0,0,0,13,12,0,0,13,0,0,0,9,9,10,0,0,0,0,0,0,0,0,0,0,0,0,0,0,0,0,0,0,0,0,0,0,0,0,0,0,0,0,0,0,0,0,0,0,0,0,0,0,0,0,0,0,0,0,0,0,0,0,0,0,0,0,0,0,0,0,0,0,0,0,0,0,0,0,0,0,0,0,0,0,0,0,0,0,0,0,0,0,0,0,0,0,0,0,0
179,0,0,0,0,0,0,0,0,0,0,0,0,0,0,0,0,0,0,0,0,0,0,0,0,0,0,0,0,0,2088,338,309,266,159,0,44,69,256,47,102,62,0,23,37,33,0,0,0,20,0,0,0,0,0,30,17,19,0,0,0,23,0,23,0,0,28,0,31,0,0,0,18,0,0,0,18,0,0,0,30,0,0,0,0,0,0,0,0,0,0,0,0,0,0,0,0,0,0,0,0,0,0,0,0,0,0,0,0,0,0,0,0,0,0,0,0,0,0,0,0,0,0,0,0,0,0,0,0,0,0,0,0,0,0,0,0,0,0,0,0,0,0,0,0,0,0,0,0,0,0,0,0,0,0,0,0,0
159,0,0,0,0,0,0,0,0,0,0,0,0,0,0,0,0,0,0,0,0,0,0,0,0,0,0,0,0,0,2015,337,284,181,130,0,49,73,204,49,59,29,0,25,20,47,0,0,0,24,0,16,0,0,23,19,26,0,0,34,17,0,33,28,0,0,28,0,0,0,0,0,20,0,0,0,0,0,0,0,0,0,0,0,0,0,0,0,0,0,0,0,0,0,0,0,0,0,0,0,0,0,0,0,0,0,0,0,0,0,0,0,0,0,0,0,0,0,0,0,0,0,0,0,0,0,0,0,0,0,0,0,0,0,0,0,0,0,19,0,0,0,0,0,0,0,0,0,0,0,0,0,0,0,0,0,0,0
113,0,0,0,0,0,0,0,0,0,0,0,0,0,0,0,0,0,0,0,0,0,0,0,0,0,0,0,0,0,1232,188,169,151,110,47,36,36,128,51,31,15,0,22,11,0,0,0,0,14,0,10,0,0,16,14,0,13,21,17,10,18,0,0,0,0,0,0,0,0,0,0,0,0,10,0,0,10,0,0,0,0,0,0,0,0,0,0,0,0,0,0,0,0,0,0,0,0,0,0,0,0,14,0,0,0,0,0,0,0,0,0,0,0,0,0,0,0,0,0,0,0,0,0,0,0,0,0,0,0,0,0,0,0,0,0,0,0,0,0,0,0,0,0,0,0,0,0,0,0,0,0,0,0,0,0,0,0
540,112,0,21,0,6,0,0,5,0,0,0,0,0,0,0,0,0,4,0,0,0,0,0,0,0,0,0,0,0,1470,135,112,94,145,0,19,54,126,19,18,0,0,15,18,15,0,0,0,13,0,16,0,0,0,11,13,0,15,22,0,0,0,9,0,0,11,0,0,0,0,0,0,0,0,0,0,0,0,0,0,0,0,0,0,0,0,0,0,0,0,0,0,0,0,0,0,0,0,0,0,0,0,0,0,0,19,0,0,0,0,0,0,0,0,0,0,0,0,0,0,0,0,0,0,0,0,0,0,0,0,0,0,0,0,0,0,0,0,0,0,0,0,0,0,0,0,0,0,0,0,0,9,0,0,0,0,0
609,0,0,0,0,0,0,0,0,0,0,0,0,0,0,0,0,0,0,0,0,0,0,0,0,0,0,0,0,0,4026,566,428,478,369,0,73,127,396,109,35,66,0,57,61,74,0,0,0,38,0,0,0,0,34,36,45,0,0,228,34,95,0,0,0,0,0,40,0,0,0,0,40,0,0,0,0,0,0,0,0,0,0,135,0,0,0,0,0,0,0,0,0,53,0,0,0,0,0,0,0,0,0,0,0,0,0,0,0,0,0,0,0,0,0,0,0,0,0,0,0,0,0,0,0,0,0,0,0,0,0,0,0,0,0,0,0,0,0,0,0,0,0,0,0,0,0,0,0,0,0,0,0,0,0,0,0,0
351,0,0,0,0,0,0,0,0,0,0,0,0,0,0,0,0,0,0,0,0,0,0,0,0,0,0,0,0,0,1166,158,133,117,93,0,13,33,92,24,10,22,0,16,0,19,0,0,0,0,0,0,0,0,17,11,0,0,0,37,9,21,14,10,0,0,0,15,12,0,15,14,0,0,10,0,0,10,0,11,0,0,0,28,0,0,0,0,0,0,0,0,0,0,0,0,0,0,0,0,0,0,0,0,0,10,0,0,0,0,0,0,0,0,0,0,0,0,0,0,0,0,0,0,0,0,0,0,0,0,0,0,0,0,0,0,0,0,0,0,0,0,0,0,0,0,0,0,0,0,8,0,0,0,0,0,0,0
115,0,0,0,0,0,0,0,0,0,0,0,0,0,0,0,0,0,0,0,0,0,0,0,0,0,0,0,0,0,1359,311,218,154,200,0,48,54,74,39,26,24,0,28,25,27,0,0,0,26,0,21,0,0,13,17,0,0,13,0,12,16,0,14,0,0,20,14,0,11,0,0,14,14,12,14,15,0,0,0,14,0,0,0,0,0,0,0,0,0,0,0,0,0,0,0,0,0,0,0,0,0,0,0,0,0,0,0,0,0,0,0,0,0,0,0,0,0,0,0,0,0,0,0,0,0,0,0,0,0,0,0,0,0,0,0,0,0,0,0,0,0,0,0,0,0,0,0,0,0,0,0,0,0,0,0,0,0
418,0,0,0,0,0,0,0,0,0,0,0,0,0,0,0,0,0,0,0,0,0,0,0,0,0,0,0,0,0,2690,463,403,408,279,0,79,88,195,85,61,39,52,47,41,54,0,31,0,0,28,29,58,0,0,24,25,0,41,45,0,64,0,25,0,0,27,0,0,0,0,27,0,0,29,0,0,0,0,0,0,0,0,0,0,0,0,0,0,0,0,0,0,0,0,0,0,0,0,0,0,0,0,0,0,0,24,0,0,0,0,0,0,0,0,0,0,0,0,0,0,0,0,0,0,0,0,0,0,0,0,0,0,0,0,0,0,0,0,0,0,0,0,0,0,0,0,0,0,0,0,0,0,0,0,0,0,0
612,0,0,0,0,0,0,0,0,0,0,0,0,0,0,0,0,0,0,0,0,0,0,0,0,0,0,0,0,0,2716,391,291,296,239,37,47,60,229,72,21,69,0,47,31,37,100,0,62,32,0,0,0,0,0,30,0,23,0,76,21,0,0,28,0,0,27,0,21,0,0,0,0,0,0,0,0,0,0,0,0,0,0,76,0,0,0,0,0,0,0,0,0,49,0,0,0,0,0,0,0,0,0,0,0,0,0,0,0,0,0,0,0,0,0,0,0,0,0,0,0,0,0,0,0,0,0,0,0,0,0,0,0,0,0,0,0,0,0,0,0,0,0,0,0,0,0,0,0,0,0,0,0,0,0,0,0,0
174,0,0,0,0,0,0,0,0,0,0,0,0,0,0,0,0,0,0,0,0,0,0,0,0,0,0,0,0,0,1029,168,144,177,173,0,35,29,49,47,50,34,0,20,0,21,0,0,0,11,0,0,0,0,0,15,0,8,0,0,11,0,14,24,0,0,28,0,13,0,0,17,10,21,0,11,0,0,0,18,21,0,0,0,0,0,0,0,0,0,0,0,0,0,0,0,0,0,0,0,0,0,0,0,0,0,0,0,0,0,0,0,0,0,0,0,0,0,0,0,0,0,0,0,0,0,0,0,0,0,0,0,0,0,0,0,0,0,0,0,0,0,0,0,0,0,0,0,0,0,0,0,0,0,0,0,0,0
175,0,0,0,0,0,0,0,0,0,0,0,0,0,0,0,0,0,0,0,0,0,0,0,0,0,0,0,0,0,1498,183,226,313,152,0,42,36,136,91,32,28,0,43,0,26,0,25,0,0,0,0,0,0,19,20,0,27,18,34,27,18,24,23,0,0,0,40,23,0,0,34,52,16,21,24,23,13,0,0,14,0,0,0,0,0,0,0,0,0,0,0,0,0,29,0,16,0,0,0,0,0,0,0,0,0,0,0,0,0,0,0,0,0,0,0,0,0,0,0,0,0,0,0,0,0,0,0,0,0,0,0,0,0,0,0,0,0,0,0,0,0,0,0,0,0,0,0,0,0,0,0,0,0,0,0,0,0
397,5,0,0,0,0,0,0,0,0,0,0,0,0,0,0,0,0,0,0,0,0,0,0,0,0,0,0,0,0,1619,365,220,220,190,0,53,60,16,31,28,46,286,37,41,45,0,26,0,29,88,0,145,131,0,16,0,27,0,0,0,0,0,29,0,0,0,21,0,0,0,0,0,0,0,0,0,0,0,16,0,0,0,0,0,0,0,0,0,0,0,0,0,0,0,0,0,0,0,0,0,0,0,0,0,0,0,0,0,0,0,0,0,0,0,0,0,0,0,0,0,0,0,0,0,0,0,0,0,0,0,0,0,0,0,0,0,0,0,0,0,0,0,0,0,0,0,0,0,0,0,0,0,0,0,0,0,0
455,5,0,0,0,0,0,0,0,0,0,0,0,0,0,0,0,0,0,0,0,0,0,0,0,0,0,0,0,0,2510,650,345,470,297,0,124,98,0,59,53,45,346,45,86,52,0,57,0,41,242,39,254,140,0,0,0,0,35,0,0,0,0,0,0,0,0,0,0,0,0,0,0,0,0,0,0,0,0,0,0,0,0,0,0,0,0,0,0,0,0,0,0,0,0,0,0,0,0,0,0,0,0,0,0,0,0,0,0,0,0,0,0,0,0,0,0,0,0,0,0,0,0,0,0,0,0,0,0,0,0,0,0,0,0,0,0,0,0,0,0,0,0,0,0,0,0,0,0,0,0,0,0,0,0,0,0,0
517,5,0,0,0,0,0,0,0,0,0,0,0,0,0,0,0,0,0,0,0,0,0,0,0,0,0,0,0,0,1629,774,382,275,182,0,110,71,0,54,59,39,175,23,84,57,0,29,0,56,64,54,106,51,0,0,21,0,0,0,0,0,0,0,0,0,30,0,26,39,18,0,0,0,0,28,0,0,0,0,0,0,0,0,0,0,0,0,0,0,0,0,0,0,0,0,0,0,0,0,0,0,0,0,0,0,0,0,0,0,0,0,0,0,0,0,0,0,24,0,0,0,0,0,0,0,0,0,0,0,0,0,0,0,0,0,0,23,0,0,0,0,0,0,0,0,0,0,0,0,0,0,0,0,0,0,0,0
453,0,0,0,0,0,0,0,0,0,0,0,0,0,0,0,0,0,0,0,0,0,0,0,0,0,0,0,0,0,1075,457,198,194,142,0,63,35,20,53,27,18,135,40,45,38,0,22,0,25,104,29,86,65,18,0,13,0,14,0,0,0,0,12,0,0,0,14,0,0,0,0,13,0,0,0,0,0,0,0,0,0,0,0,0,0,0,0,0,0,0,0,0,0,0,0,0,0,0,0,0,0,0,0,0,0,0,0,0,0,0,0,0,0,0,0,0,0,0,0,0,0,0,0,0,0,0,24,0,0,0,0,0,0,0,0,0,0,0,0,0,0,0,0,0,0,0,0,0,0,0,0,0,0,0,0,0,0
427,0,0,0,0,0,0,0,0,0,0,0,0,0,0,0,0,0,0,0,0,0,0,0,0,0,0,0,0,0,1004,162,91,286,111,0,27,29,15,48,14,34,191,31,25,30,0,11,0,0,73,0,109,87,17,13,0,0,16,0,11,16,30,12,0,0,0,16,16,0,0,0,0,13,0,10,10,13,0,0,0,0,0,0,0,0,0,0,0,0,0,0,0,0,12,0,0,0,0,0,0,0,0,0,0,0,0,0,0,0,0,0,0,0,0,0,0,0,0,0,0,0,0,0,0,0,0,0,0,0,0,0,0,0,0,0,0,0,0,0,0,0,0,0,0,0,0,0,10,0,0,0,0,0,0,0,0,0
530,0,0,0,0,0,0,0,0,0,0,0,0,0,0,0,0,0,0,0,0,0,0,0,0,0,0,0,0,0,598,125,73,47,44,0,20,9,29,15,9,15,33,9,8,16,0,13,0,6,24,4,29,4,4,7,5,0,4,0,4,9,5,5,0,0,0,12,4,0,0,4,0,0,0,0,5,0,0,5,0,0,0,0,0,0,0,0,0,0,0,0,0,0,0,0,0,0,0,0,0,0,0,0,0,0,0,0,0,0,0,0,0,0,8,0,0,0,0,0,0,0,0,0,0,0,0,0,0,0,0,0,0,0,0,0,0,0,0,0,0,0,0,0,0,0,0,0,0,0,0,0,0,0,0,4,0,0
416,0,0,0,0,0,0,0,0,0,0,0,0,0,0,0,0,0,0,0,0,0,0,0,0,0,0,0,0,0,967,432,233,201,142,13,68,53,0,33,41,25,146,26,55,36,21,36,16,21,61,26,64,64,12,0,13,31,0,0,0,0,0,19,0,0,0,0,12,28,0,13,0,0,0,12,0,0,0,0,0,0,0,0,0,0,0,0,0,0,0,0,0,0,0,0,0,0,0,0,0,0,0,0,0,0,0,0,0,0,0,0,0,0,0,0,0,0,0,0,0,0,0,0,0,0,0,0,0,0,0,0,0,0,0,0,0,0,0,0,0,0,0,0,0,0,0,0,0,0,0,0,0,0,0,0,0,0
386,0,0,0,0,0,0,0,0,0,0,0,0,0,0,0,0,0,0,0,0,0,0,0,0,0,0,0,0,0,682,388,196,110,87,0,54,44,0,26,42,17,111,26,44,33,0,15,0,24,47,16,26,40,0,11,9,0,11,0,10,0,11,0,0,0,0,12,0,16,0,10,11,0,10,0,18,17,0,0,0,0,0,0,0,0,0,0,0,0,0,0,0,0,0,0,0,0,0,0,0,0,0,0,0,0,0,0,0,0,0,0,0,0,0,0,0,0,0,0,0,0,0,0,0,0,0,0,0,0,0,0,0,0,0,0,0,0,0,0,0,0,0,0,0,0,0,0,0,0,0,0,0,0,0,0,0,0
425,0,0,0,0,0,0,0,0,0,0,0,0,0,0,0,0,0,0,0,0,0,0,0,0,0,0,0,0,0,1162,741,310,305,152,63,87,40,0,76,40,26,149,39,74,44,43,34,22,26,90,26,78,53,18,0,31,0,16,0,0,20,17,0,0,0,0,0,16,38,0,22,23,20,0,0,16,21,0,0,0,0,0,0,0,0,0,0,0,0,0,0,0,0,0,0,0,0,0,0,0,0,0,0,0,0,0,0,0,0,0,0,0,0,0,0,0,0,0,0,0,0,0,0,0,0,0,0,0,0,0,0,0,0,0,0,0,0,0,0,0,0,0,0,0,0,0,0,0,0,0,0,0,0,0,0,0,0
384,0,0,0,0,0,0,0,0,0,0,0,0,0,0,0,0,0,0,0,0,0,0,0,0,0,0,0,0,0,1346,766,361,265,180,0,91,65,0,69,29,36,186,33,73,53,0,51,0,53,77,35,53,99,27,29,0,18,21,0,19,27,30,0,0,0,22,0,0,29,0,0,21,0,18,18,18,0,0,0,0,0,0,0,0,134,0,0,0,0,0,0,0,0,0,0,0,0,0,0,0,0,0,0,0,0,0,0,0,0,0,0,0,0,0,0,0,0,18,0,22,0,0,0,0,0,0,0,0,0,0,0,0,0,0,0,0,0,0,0,21,0,0,0,0,0,0,0,0,0,0,0,0,0,0,0,0,0
409,0,0,0,0,0,0,0,0,0,0,0,0,0,0,0,0,0,0,0,0,0,0,0,0,0,0,0,0,0,1294,407,259,293,161,0,84,39,16,80,39,52,236,50,43,33,0,29,0,26,93,38,146,121,23,21,20,26,20,0,20,22,24,33,0,0,33,22,17,0,0,21,29,20,28,18,17,21,0,0,0,0,0,0,0,0,0,0,0,0,0,0,0,0,0,0,0,0,0,0,0,0,0,0,0,0,0,0,0,0,0,0,0,0,0,0,0,0,0,0,0,0,0,0,0,0,0,0,0,0,0,0,0,0,0,0,0,0,0,0,0,0,0,0,0,0,0,0,0,0,0,0,0,0,0,0,0,0
405,0,0,0,0,0,0,0,0,0,0,0,0,0,0,0,0,0,0,0,0,0,0,0,0,0,0,0,0,0,610,294,130,245,89,0,48,0,0,51,18,39,110,37,26,18,0,13,0,22,63,12,50,36,15,18,11,22,12,0,10,25,18,20,0,0,0,13,0,0,0,14,10,0,16,10,8,18,0,15,0,0,0,0,0,0,0,0,0,0,0,0,0,0,0,0,9,0,0,0,0,0,0,0,0,0,0,0,0,0,0,0,0,0,0,0,0,0,0,0,0,0,0,0,0,0,0,0,0,0,0,0,0,0,0,0,0,0,0,0,0,0,0,0,0,0,0,0,0,0,0,0,0,0,0,0,0,0
402,0,0,0,0,0,0,0,0,0,0,0,0,0,0,0,0,0,0,0,0,0,0,0,0,0,0,0,0,0,188,75,25,37,0,159,5,6,0,12,0,7,0,0,0,4,0,0,0,7,0,0,0,0,0,0,5,0,0,0,0,0,0,0,0,0,0,0,0,0,0,0,0,0,0,0,0,0,0,0,0,0,0,0,0,0,0,0,0,0,4,0,0,0,0,0,0,0,0,0,0,0,0,0,0,0,0,0,0,0,0,0,0,0,0,0,0,0,0,0,0,0,0,0,0,0,0,0,0,0,0,0,0,0,0,0,0,0,0,0,0,0,0,0,0,0,0,0,0,0,0,0,0,0,0,0,0,0
516,0,0,0,0,0,0,0,0,0,0,0,0,0,0,0,0,0,0,0,0,0,0,0,0,0,0,0,0,0,1872,1249,226,386,0,2111,67,54,0,58,0,0,0,38,55,57,0,35,0,81,0,0,0,0,0,0,55,0,0,0,0,0,0,0,0,0,41,0,0,45,0,0,0,64,0,0,0,0,0,0,0,0,0,0,0,0,0,32,46,0,0,0,0,0,0,0,0,0,0,0,35,0,0,30,0,0,0,0,0,0,0,0,0,0,0,0,0,0,0,0,0,0,0,0,0,0,0,0,0,0,0,0,0,0,0,0,0,0,0,0,0,0,0,0,0,0,0,0,0,0,0,0,0,0,0,0,0,0
525,13,0,0,0,0,0,0,0,0,0,0,0,0,0,0,0,0,0,0,0,0,0,0,0,0,0,0,0,0,861,479,104,264,0,1399,34,39,0,49,0,27,0,37,26,26,0,0,0,33,0,0,0,0,0,20,35,21,21,0,16,0,26,0,0,0,0,19,0,32,0,0,0,39,19,0,0,0,0,0,0,0,0,0,0,0,0,0,33,0,23,0,0,0,0,0,15,0,0,0,0,0,0,0,0,0,0,0,0,0,0,0,0,0,0,0,0,0,0,0,0,0,0,0,0,0,0,0,0,0,0,0,0,0,0,0,0,0,0,0,0,0,0,0,0,0,0,0,0,0,0,0,0,0,0,0,0,0
408,0,0,0,0,0,0,0,0,0,0,0,0,0,0,0,0,0,0,0,0,0,0,0,0,0,0,0,0,0,1150,955,166,227,0,1207,54,37,20,33,0,36,0,31,43,63,0,20,0,50,0,0,0,0,0,0,50,0,0,0,0,0,0,0,0,0,0,0,0,47,0,0,0,0,0,0,0,0,0,0,0,0,0,0,0,100,0,27,30,0,43,0,0,0,0,0,0,0,0,30,0,0,0,0,0,0,0,0,25,0,23,0,0,23,0,0,23,0,0,0,22,0,0,0,0,0,0,0,0,0,0,0,0,0,0,0,0,0,0,0,0,0,0,0,0,0,0,0,0,0,0,0,0,0,0,0,0,0
389,0,0,0,0,0,0,0,0,0,0,0,0,0,0,0,0,0,0,0,0,0,0,0,0,0,0,0,0,0,767,461,77,167,0,853,27,27,0,53,0,30,0,38,21,20,0,17,0,47,0,0,0,0,18,17,19,12,12,0,19,14,17,12,0,0,0,12,0,34,0,0,12,12,16,0,0,0,0,0,0,0,0,0,0,0,0,0,0,0,0,0,0,0,0,0,0,0,0,0,15,0,0,0,0,0,0,18,0,0,0,0,0,0,0,22,0,0,0,0,0,0,0,0,15,0,0,0,0,0,0,0,0,0,0,0,0,0,0,0,0,0,0,0,0,0,0,0,0,0,0,0,0,0,0,0,0,0
414,0,0,0,0,0,0,0,0,0,0,0,0,0,0,0,0,0,0,0,0,0,0,0,0,0,0,0,0,0,685,215,104,50,37,88,25,14,28,16,13,11,22,11,22,14,0,13,0,13,13,0,9,8,0,0,11,0,0,0,0,0,0,0,0,0,0,0,6,11,0,0,0,0,0,0,0,0,0,0,0,0,0,0,0,0,0,0,0,0,6,0,0,0,0,0,0,0,0,0,0,0,0,0,0,6,0,0,0,0,0,0,0,0,0,0,0,0,0,0,0,0,0,0,0,0,0,0,0,0,0,0,0,0,0,0,0,0,0,0,0,0,0,0,0,0,0,0,0,0,0,0,0,0,0,0,0,0
545,0,0,0,0,0,0,0,0,0,0,0,0,0,0,0,0,0,0,0,0,0,0,0,0,0,0,0,0,0,621,500,89,153,0,447,32,28,0,38,0,25,0,16,29,26,0,13,0,31,0,0,0,0,9,17,25,15,9,0,13,0,11,0,0,0,0,18,10,30,0,14,0,0,0,10,10,0,0,0,0,0,0,0,0,0,0,14,0,0,10,0,0,0,0,0,0,0,0,9,0,0,0,0,0,0,0,0,0,0,12,0,0,0,0,0,0,0,0,0,0,0,0,0,0,0,19,0,0,0,0,0,0,0,0,0,0,0,0,0,0,0,0,0,0,0,0,0,0,0,0,0,0,0,0,0,0,0
533,509,0,49,0,11,0,0,13,5,0,0,9,0,0,0,0,0,0,0,0,0,0,0,0,0,0,0,0,0,813,571,87,170,0,1040,50,22,0,28,0,25,0,15,33,38,0,18,0,36,0,0,0,0,0,0,37,0,0,0,13,33,0,0,0,0,14,0,0,25,0,0,0,0,13,0,0,0,0,0,0,0,0,0,0,0,0,0,20,0,0,0,0,0,0,0,0,0,0,0,14,0,0,18,0,0,0,19,0,0,16,0,0,0,0,0,0,26,0,0,0,0,0,0,14,0,0,0,0,0,0,0,0,0,0,0,0,0,0,0,0,0,0,0,16,0,0,0,0,0,0,0,0,0,0,0,0,0
421,0,0,0,0,0,0,0,0,0,0,0,0,0,0,0,0,0,0,0,0,0,0,0,0,0,0,0,0,0,430,145,61,137,16,225,19,32,0,22,7,18,40,27,14,13,0,6,0,13,16,6,16,12,0,7,15,13,6,0,10,9,0,11,0,0,0,11,10,8,0,13,6,8,9,10,0,0,0,11,9,0,0,0,0,0,0,5,5,0,0,0,0,0,0,0,0,0,0,0,0,0,0,12,0,0,0,0,0,0,0,0,0,0,0,5,0,0,0,0,0,0,0,0,0,0,0,0,0,0,0,0,0,0,0,0,0,0,0,0,0,0,0,0,0,0,0,0,0,0,0,0,0,0,0,0,0,0
116,0,0,0,0,0,0,0,0,0,0,0,0,0,0,0,0,0,0,0,0,0,0,0,0,0,0,0,0,0,387,471,96,168,0,767,28,11,0,26,0,34,0,40,27,0,20,0,0,11,0,0,0,0,14,20,16,12,11,0,12,22,16,0,0,0,0,20,0,11,0,0,0,0,10,14,0,11,0,0,0,0,18,0,0,0,0,0,22,0,0,0,0,0,0,0,0,0,0,17,0,14,0,0,42,0,0,0,11,0,0,0,0,0,0,0,14,0,0,0,0,0,0,0,0,0,0,0,0,0,0,0,0,0,0,0,0,0,0,12,0,0,0,0,0,0,0,0,0,0,0,0,0,0,0,0,0,0
608,0,0,0,0,0,0,0,0,0,0,0,0,0,0,0,0,0,0,0,0,0,0,0,0,0,0,0,0,0,2409,1222,269,293,0,119,66,102,0,66,0,91,0,59,63,94,347,57,178,69,0,38,0,0,0,30,40,42,0,0,0,0,34,28,0,0,36,0,0,0,0,0,25,0,0,0,0,0,0,0,0,0,39,0,0,0,0,0,0,0,0,0,0,0,0,0,0,35,47,0,0,0,0,0,0,0,0,0,0,0,0,0,0,0,0,0,0,0,0,0,0,26,0,0,0,0,0,0,0,0,0,0,0,0,0,0,0,0,0,0,0,0,0,0,0,0,0,0,0,0,0,0,0,0,0,0,0,0
303,0,0,0,0,0,0,0,0,0,0,0,0,0,0,0,0,0,0,0,0,0,0,0,0,0,0,0,0,0,584,325,125,187,15,131,31,14,0,28,0,22,0,25,11,0,314,18,265,23,0,0,0,0,0,10,19,14,0,0,12,0,0,11,0,0,0,13,15,12,0,11,0,0,15,0,35,0,0,13,0,40,30,0,0,0,0,11,0,0,0,0,0,0,0,19,0,0,0,0,0,0,0,0,0,0,0,0,0,0,0,0,0,0,0,0,0,0,0,0,0,0,0,0,0,0,0,0,0,0,16,0,0,0,0,0,0,0,0,0,0,0,0,0,0,10,0,0,0,0,0,0,0,0,0,0,0,0
400,476,0,43,0,13,10,0,0,5,0,0,6,0,0,0,0,0,0,0,0,0,0,0,0,0,0,0,0,0,771,525,141,211,0,774,34,29,0,50,0,24,0,41,27,20,130,0,89,39,0,0,0,0,18,0,24,14,16,0,16,0,0,0,0,0,0,13,0,23,0,0,17,31,0,0,0,0,0,0,0,31,41,0,0,0,0,19,14,0,0,0,0,0,0,0,0,0,0,0,20,0,0,0,0,0,0,0,0,0,0,0,0,0,0,0,0,0,0,0,0,0,0,0,0,0,0,0,0,0,0,0,0,0,0,0,0,0,0,0,0,0,0,0,0,0,0,0,0,0,0,0,0,0,0,0,0,0
604,0,0,0,0,0,0,0,0,0,0,0,0,0,0,0,0,0,0,0,0,0,0,0,0,0,0,0,0,0,634,331,79,153,29,152,35,25,26,52,0,31,0,32,12,24,395,0,298,30,0,13,0,0,25,14,18,15,0,13,0,13,11,0,0,0,0,0,18,12,0,14,11,15,18,0,0,13,0,0,0,44,38,0,0,0,0,12,0,0,0,0,13,0,0,15,0,0,0,0,0,0,0,0,0,0,0,0,0,20,0,0,0,0,0,0,0,11,0,0,0,0,0,0,0,0,0,0,0,0,0,0,0,0,0,0,0,0,0,0,0,13,0,0,0,0,11,0,0,0,0,0,0,0,0,0,0,0
618,0,0,0,0,0,0,0,0,0,0,0,0,0,0,0,0,0,0,0,0,0,0,0,0,0,0,0,0,0,701,780,181,314,0,204,36,40,0,94,0,49,0,36,33,33,924,0,691,62,0,0,0,0,29,22,30,0,36,0,26,0,0,0,0,0,0,0,31,33,0,0,22,0,22,0,0,23,0,0,0,162,64,0,0,0,0,0,0,0,0,0,116,0,0,62,0,0,0,22,0,0,0,0,0,0,0,0,0,38,0,0,0,0,0,0,0,0,0,0,0,0,0,0,0,0,0,0,0,0,0,0,0,0,0,0,0,0,0,0,0,0,0,0,0,0,0,0,0,0,0,0,0,0,0,0,0,0
380,3204,0,176,0,86,56,0,51,28,58,37,27,0,18,18,0,22,0,0,17,0,0,0,0,0,0,0,0,0,0,0,0,0,0,0,0,0,0,0,0,0,0,0,0,0,0,0,0,0,0,0,0,0,0,0,0,0,0,0,0,0,0,0,0,0,0,0,0,0,0,0,0,0,0,0,0,0,0,0,0,0,0,0,0,0,0,0,0,0,0,0,0,0,0,0,0,0,0,0,0,0,0,0,0,0,0,0,0,0,0,0,0,0,0,0,0,0,0,0,0,0,0,0,0,0,0,0,0,0,0,0,0,0,0,0,0,0,0,0,0,0,0,0,0,0,0,0,0,0,0,0,0,0,0,0,0,0
527,2451,0,156,0,53,42,0,28,22,19,39,16,0,15,12,0,0,12,0,0,0,0,11,0,14,0,0,0,0,213,123,66,63,44,0,11,14,0,19,10,9,57,0,0,0,0,0,0,0,20,0,24,22,5,0,0,0,5,0,4,0,0,5,0,0,0,0,6,0,0,4,0,0,5,0,9,4,0,4,0,0,0,0,0,0,0,0,0,0,0,0,0,0,0,0,0,0,0,0,0,0,0,0,0,0,0,0,0,0,0,0,0,0,0,0,0,0,4,0,0,0,0,0,0,0,0,0,0,0,0,0,0,0,0,0,0,0,0,0,0,0,0,0,0,0,0,0,0,0,0,0,0,13,0,0,0,0
539,1530,0,105,0,58,32,0,10,30,16,17,20,0,0,0,0,0,11,21,0,0,0,0,0,0,7,7,0,0,511,89,65,59,54,0,15,19,0,15,15,7,92,16,0,9,0,13,0,7,36,4,44,54,4,0,5,4,0,0,4,0,5,9,0,0,0,13,0,0,4,5,0,0,0,0,5,0,0,0,0,0,0,0,0,0,0,0,0,0,0,0,0,0,0,0,6,0,0,0,0,0,0,0,0,0,0,0,4,0,0,0,0,0,0,0,0,0,0,0,0,0,0,0,0,0,0,0,0,0,0,0,0,0,0,0,0,0,0,0,0,0,0,0,0,0,0,0,0,0,0,0,0,0,0,0,5,0
178,2834,0,147,0,76,46,0,40,41,27,28,0,0,27,13,0,24,13,13,0,0,0,0,0,0,0,0,0,0,39,18,0,6,0,42,0,0,0,0,0,0,0,0,0,0,0,0,0,0,0,0,0,0,0,0,0,0,0,0,0,0,0,0,0,0,4,0,0,0,0,0,0,0,0,0,0,0,0,0,0,0,0,0,0,0,0,0,0,0,0,0,0,0,0,0,0,0,0,0,0,0,0,0,0,0,0,0,0,0,0,0,0,0,0,0,0,0,0,0,0,0,0,0,0,0,0,0,0,0,0,0,0,0,0,0,0,0,0,0,0,0,0,0,0,0,0,0,0,0,0,0,0,0,0,0,0,5
526,0,0,0,0,0,0,0,0,0,0,0,0,0,0,0,0,0,0,0,0,0,0,0,0,0,0,0,0,0,1618,2200,350,377,0,0,28,64,0,85,0,44,0,0,95,0,0,0,0,80,0,0,0,0,0,0,0,30,36,0,0,53,0,33,0,0,39,0,23,117,0,32,0,27,38,33,0,33,0,0,0,0,0,0,0,0,0,62,0,0,0,0,0,0,0,0,0,0,0,0,0,0,0,0,0,0,0,29,26,0,0,0,0,45,0,0,0,0,0,0,0,0,0,0,0,0,0,0,0,38,0,0,34,0,0,0,0,0,0,0,0,0,0,0,0,0,0,0,0,0,0,0,0,0,0,0,0,0
616,0,0,0,0,0,0,0,0,0,0,0,0,0,0,0,0,0,0,0,0,0,0,0,0,0,0,0,0,0,2012,997,818,478,0,0,228,117,0,84,34,75,0,92,169,123,0,93,0,0,0,71,0,0,41,80,33,42,30,0,28,26,0,35,0,0,38,45,32,0,36,43,37,31,0,31,38,29,0,0,30,0,0,0,0,0,0,0,0,0,0,0,0,0,0,0,0,52,57,0,0,45,0,0,0,0,0,0,0,0,0,0,0,0,0,0,0,0,0,0,0,0,0,0,0,54,0,0,0,0,0,0,0,0,0,33,0,0,0,0,0,0,0,0,0,0,0,0,0,0,0,0,0,0,0,0,0,0
58,0,1406,0,212,0,0,105,0,0,0,0,0,40,0,0,29,0,0,0,0,13,11,0,8,0,0,0,0,0,75,11,7,11,0,0,0,0,0,0,5,0,0,0,0,4,0,0,0,0,0,0,0,0,0,0,0,0,0,0,0,0,0,0,0,0,0,0,0,0,0,0,0,0,0,0,0,0,0,0,0,0,0,0,0,0,0,0,0,0,0,0,0,0,0,0,0,0,0,0,0,0,0,0,0,0,0,0,0,0,0,0,0,0,0,0,0,0,0,0,0,0,0,0,0,0,0,0,0,0,0,0,0,0,0,0,0,0,0,0,0,0,0,0,0,0,0,0,0,0,0,0,0,0,0,0,0,0
513,0,0,0,0,0,0,0,0,0,0,0,0,0,0,0,0,0,0,0,0,0,0,0,0,0,0,0,0,0,56,15,12,16,4,0,6,0,0,7,0,5,6,0,0,7,0,0,0,0,5,0,0,0,0,0,0,0,0,0,0,0,0,0,0,0,0,0,0,0,0,4,0,0,0,0,0,0,0,0,0,0,0,0,0,0,0,0,0,0,0,0,0,0,0,0,0,0,0,0,0,0,0,0,0,0,0,0,0,0,0,0,0,0,0,0,0,0,0,0,0,0,0,0,0,0,0,0,0,0,0,0,0,0,0,0,0,0,0,0,0,0,0,0,0,0,0,0,0,0,0,0,0,0,0,0,0,0
87,0,0,0,0,0,0,0,0,0,0,0,0,0,0,0,0,0,0,0,0,0,0,0,0,0,0,0,0,0,8,4,5,0,0,0,0,0,0,0,0,0,0,0,0,0,0,0,0,0,0,0,0,0,0,0,0,0,0,0,0,0,0,0,0,0,0,0,0,0,0,0,0,0,0,0,0,0,0,0,0,0,0,0,0,0,0,0,0,0,0,0,0,0,0,0,0,0,0,0,0,0,0,0,0,0,0,0,0,0,0,0,0,0,0,0,0,0,0,0,0,0,0,0,0,0,0,0,0,0,0,0,0,0,0,0,0,0,0,0,0,0,0,0,0,0,0,0,0,0,0,0,0,0,0,0,0,0
76,0,0,0,0,0,0,0,0,0,0,0,0,0,0,0,0,0,0,0,0,0,0,0,0,0,0,0,0,0,112,5,9,7,0,0,0,0,0,0,0,0,0,0,0,0,0,0,0,0,0,0,0,0,0,0,0,0,0,0,0,0,0,0,0,0,0,0,0,0,4,0,0,0,0,0,0,0,0,0,0,0,0,0,0,0,0,0,0,0,0,0,0,0,0,0,0,0,0,0,0,0,0,0,0,0,0,0,0,0,0,0,0,0,0,0,0,0,0,0,0,0,0,0,0,0,0,0,0,0,0,0,0,0,0,0,0,0,0,0,0,0,0,0,0,0,0,0,0,0,0,0,0,0,0,0,0,0